,제목,링크,날짜,내용
0,"황희찬, 한국 A매치 역대 최단시간 16초 만에 득점 신기록",https://news.naver.com/main/read.nhn?mode=LPOD&mid=sec&oid=001&aid=0012021604&isYeonhapFlash=Y&rc=N,2020.11.17. 오후 10:31," 카타르와 평가전서 황의조 어시스트로 '선제 벼락골' 작성   황희찬 선제골(서울=연합뉴스) 17일 오후 오스트리아 마리아 엔처스도르프의 BSFZ 아레나에서 열린 한국과 카타르의 축구대표팀 평가전. 황희찬이 선제골을 터트린 뒤 기뻐하고 있다. 2020.11.17 [대한축구협회 제공, 재판매 및 DB 금지] photo@yna.co.kr   (서울=연합뉴스) 안홍석 기자 = 한국 축구대표팀의 '황소' 황희찬(24·라이프치히)이 A매치 최단 시간 골 기록을 썼다.   황희찬은 17일(한국시간) 오스트리아 마리아 엔처스도르프의 BSFZ 아레나에서 열린 카타르와의 평가전에서 전반 16초 만에 선제골을 터뜨렸다.   이는 대한축구협회(KFA)가 확보한 기록상 남자 대표팀의 A매치 역대 최단 시간 득점이다.   이전까지 이 부문 1위는 박성화 전 경남FC 감독이 1979년 9월 14일 바레인과의 박대통령컵 국제대회 경기에서 20초 만에 넣은 득점이다.   황의조(보르도)가 적극적으로 상대 수비진을 압박해 골 지역 왼쪽에서 공을 탈취, 문전으로 패스했고, 황희찬이 가볍게 슈팅해 새 기록을 썼다.   황희찬은 이 골로 A매치 34경기 5골을 기록했다.   ahs@yna.co.kr   ▶코로나19 속보는 네이버 연합뉴스[구독 클릭]▶[팩트체크]조두순 출소후 법으로 음주 금지 가능?▶제보하기   <저작권자(c) 연합뉴스(https://www.yna.co.kr/), 무단 전재-재배포 금지> 기사제공 연합뉴스  "
1,"산은, '아시아나 인수' 한진그룹 오너 갑질 막는다",https://news.naver.com/main/read.nhn?mode=LPOD&mid=sec&oid=001&aid=0012021173&isYeonhapFlash=Y&rc=N,2020.11.17. 오후 6:44,"     한진칼과 투자합의서 체결…윤리경영 안전장치 마련위약금 5천억 등 7대 의무 명시   나란히 세워진 대한항공-아시아나항공 여객기(영종도=연합뉴스) 김도훈 기자 = 대한항공의 아시아나항공 인수 발표가 하루 지난 17일 오후 인천국제공항 제4활주로 공사현장 뒤로 대한항공과 아시아나항공 여객기들이 세워져 있다. 2020.11.17 superdoo82@yna.co.kr   (서울=연합뉴스) 김남권 최평천 기자 = 산업은행이 아시아나항공을 인수하는 대한항공 지주사인 한진칼에 8천억원을 투자하면서 윤리경영을 적극적으로 감시하기로 했다.   조현민 한진칼 전무, 이명희 정석기업 고문, 조현아 전 대한항공 부사장 등 한진그룹 일가의 잇따른 '갑질'이 사회적 공분을 산 점을 고려해 윤리경영을 위한 '안전장치'를 투자합의서에 명문화한 것으로 보인다.   17일 업계에 따르면 한진칼은 이날 산은과 신주인수계약(신주인수대금 5천억원) 및 교환사채 인수계약(3천억원)을 통해 총 8천억원의 자금을 조달받는 투자합의서를 체결했다.   투자합의서에는 한진칼이 지켜야 할 7대 의무 조항이 명시됐다. 한진 일가의 갑질이 발생하면 경영진 교체까지 할 수 있다는 내용도 투자합의서에 담긴 것으로 알려졌다.   의무조항 중에는 윤리경영위원회 설치 및 운영 책임과 경영평가위원회가 대한항공에 경영평가를 실시할 수 있도록 협조하고 감독할 책임이 포함됐다.   한진칼 및 주요 계열사 경영진의 윤리경영을 위해 위원회가 설치되고, 조현민 한진칼 전무, 이명희 정석기업 고문 등 오너 일가는 항공 관련 계열사 경영에 참여하지 않는다.   해당 합의에 따라 산은은 조원태 한진칼 회장 등 오너의 '갑질'이 발생하면 윤리경영위원회를 통해 경영진 교체 등의 강수를 둘 수 있다.   경영성과가 미흡할 때는 경영진 교체나 해임 등도 계획하고 있다.   산은이 지명하는 사외이사 3인 및 감사위원회 위원 등 선임과 주요 경영사항에 대한 사전협의권 및 동의권 준수 등도 의무 조항으로 포함됐다.   이러한 의무 조항의 목적은 한진칼 지분 10.66%를 보유하게 될 산은이 한진칼 경영을 견제·감시하기 위해서다. 현재 한진칼은 조원태 한진칼 회장, 석태수 한진칼 사장, 하은용 한진칼 부사장 등 사내이사 3명과 8명의 사외이사로 구성돼있다.   아울러 ▲ PMI(인수 후 통합전략) 계획을 수립하고 이행할 책임 ▲ 대한항공 주식 등에 대한 담보 제공, 처분 등 제한 ▲ 투자합의서의 중요 조항 위반 시 5천억원의 위약금과 손해배상책임을 부담하며, 이를 담보하기 위해 대한항공 발행 신주에 대한 처분 권한 위임 및 질권을 설정할 의무 등도 삽입됐다.   산은이 투자합의서에 엄격한 의무 조항을 삽입한 것은 혈세를 투입해 재벌기업에 특혜를 준다는 지적을 의식한 것으로 풀이된다. 시민단체와 더불어민주당 의원들은 정부의 인수 추진이 재벌총수 지원과 독점으로 이어질 수 있다며 우려하고 있다.   이날 투자합의서 체결로 시작된 대한항공의 아시아나항공 인수 절차는 내년 6월 마무리될 것으로 전망된다.   한진칼은 조달받은 8천억원을 12월 초 대한항공에 대여한다. 대한항공은 같은달 아시아나항공이 발행하는 3천억원 상당의 영구전환사채를 취득하고, 1조 5천억원 상당의 신주 인수 계약금 3천억원을 지급한다.   대한항공은 내년 초 2조5천억원 규모의 유상증자를 시행하고, 아시아나항공에 중도금 4천억원을 지급한다. 유상증자를 통해 한진칼에서 조달한 8천억원을 신주로 상환한다.   내년 6월 30일 아시아나항공의 1조5천억원 유상증자 잔금을 납입하면 인수 절차가 마무리된다.   대한항공이 아시아나항공 신주를 인수하면 최대 주주로 올라선다. 기존 최대 주주인 금호산업은 지분율이 20% 아래로 떨어질 것으로 보인다.   지배구조는 한진칼→대한항공→아시아나항공이 된다. 대한항공은 우선 아시아나항공을 자회사로 운영한 뒤 1~2년 이내 흡수할 계획이다.   대한항공, 아시아나 인수 추진 (PG)[장현경 제작] 사진합성·일러스트   pc@yna.co.kr   ▶코로나19 속보는 네이버 연합뉴스[구독 클릭]▶[팩트체크]조두순 출소후 법으로 음주 금지 가능?▶제보하기   <저작권자(c) 연합뉴스(https://www.yna.co.kr/), 무단 전재-재배포 금지>  "
2,"광화문 확장에…오세훈 ""무리수"" 안철수 ""유훈행정""",https://news.naver.com/main/read.nhn?mode=LPOD&mid=sec&oid=001&aid=0012021470&isYeonhapFlash=Y&rc=N,2020.11.17. 오후 9:09,"     서울시 광화문광장 탈바꿈 공사 시작(서울=연합뉴스) 백승렬 기자 = 17일 오전 서울시 종로구 광화문광장에서 '사람이 쉬고 걷기 편한 광장'으로 조성하는 공사가 진행되고 있다. 이는 지난 9월 발표한 광화문광장 일대 변경 계획을 실행하는 것으로, 동쪽(주한미국대사관 앞) 차로 확장 공사를 시작해 서쪽(세종문화회관 앞) 도로를 광장으로 조성하는 공사까지 순차적으로 이어갈 계획이다. 2020.11.17 srbaek@yna.co.kr   (서울=연합뉴스) 이동환 기자 = 서울시가 새로운 광화문광장 조성 사업을 예정대로 추진하자 야권 잠룡인 오세훈 전 서울시장과 국민의당 안철수 대표가 일제히 비판에 나섰다.   오 전 시장은 17일 페이스북 글에서 ""신종 코로나바이러스 감염증(코로나19)으로 가뜩이나 살기 어려워진 마당에 도대체 누굴 위한 공사인지 묻고 싶다""며 ""그저 광장이 중앙이 아닌 편측에 있어야 한다는 건축가의 고집뿐""이라고 비판했다.   그는 서정협 서울시장 권한대행을 향해 ""고(故) 박원순 전임 시장도 올해 5월 전면 재논의를 선언했을 정도로 문제가 많은 사업에 대해 무리수를 두는 이유가 무엇이냐""며 ""791억원의 세금이 쓰인다""고 지적했다.   안 대표는 페이스북에서 ""시장도 없고, 중앙 부처와 합의도 없고, 서울 시민 동의도 없는 상태에서 이뤄졌다""며 ""날림행정, 유훈행정의 표본""이라고 주장했다.   안 대표는 ""두 번이나 재검토 결정이 났고, 행정안전부도 반대했던 공사를 왜 강행하는지 모를 일""이라며 ""남은 임기 5개월짜리 대행 체제가 화급을 다퉈서 강행할 사업이 아니다. 눈먼 돈이 너무 많다""고 지적했다.   dhlee@yna.co.kr   ▶코로나19 속보는 네이버 연합뉴스[구독 클릭]▶[팩트체크]조두순 출소후 법으로 음주 금지 가능?▶제보하기   <저작권자(c) 연합뉴스(https://www.yna.co.kr/), 무단 전재-재배포 금지>  "
3,알테어 3점포 쾅…NC 완벽 계투로 한국시리즈 기선 제압,https://news.naver.com/main/read.nhn?mode=LPOD&mid=sec&oid=001&aid=0012021520&isYeonhapFlash=Y&rc=N,2020.11.17. 오후 9:55," 두산 5-3으로 따돌려…5명 벌떼 구원진 3⅔이닝 무실점   알테어 홈런에 환호하는 NC(서울=연합뉴스) 박동주 기자 = 17일 오후 서울 구로구 고척스카이돔에서 열린 2020 프로야구 포스트시즌 한국시리즈 1차전 두산 베어스와 NC 다이노스의 경기. 4회말 1사 1, 2루에서 NC 알테어가 중견수 뒤 홈런을 날리고 베이스를 돌고 있다. 2020.11.17 pdj6635@yna.co.kr   (서울=연합뉴스) 장현구 하남직 최인영 기자 = 프로야구 NC 다이노스가 창단 후 첫 통합 우승을 향한 공룡의 거대한 첫 발자국을 뗐다.   정규리그 우승팀 NC는 17일 서울 고척스카이돔에서 막을 올린 2020 신한은행 쏠(SOL) KBO 포스트시즌 한국시리즈(KS·7전 4승제) 1차전에서 정규시즌 3위로 준플레이오프, 플레이오프를 거쳐 올라온 두산 베어스를 5-3으로 눌렀다.   에런 알테어의 결정적인 3점 홈런과 완벽한 계투진의 조화를 앞세워 NC는 한국시리즈 제패를 위한 유리한 고지를 점했다.   지난해까지 37번의 한국시리즈(1985년은 삼성 라이온즈 전·후기 통합 우승으로 미개최)에서 1차전을 이긴 팀이 우승 샴페인을 터뜨린 경우는 72.9%인 27차례에 달했다.   NC 나성범 1타점 적시타, 달려!(서울=연합뉴스) 박동주 기자 = 17일 오후 서울 구로구 고척스카이돔에서 열린 2020 프로야구 포스트시즌 한국시리즈 1차전 두산 베어스와 NC 다이노스의 경기. 1회말 1사 3루에서 NC 나성범이 적시타를 날리고 1루로 향하고 있다. 2020.11.17 pdj6635@yna.co.kr   지난달 31일 KIA 타이거즈와 정규리그 최종전 이래 17일 만에 실전을 치른 NC가 먼저 기선을 제압했다.   1회말 선두 타자 박민우가 20승을 거둔 두산 선발 투수 라울 알칸타라의 밋밋한 슬라이더를 잡아당겨 우익수 오른쪽에 떨어지는 2루타로 득점의 물꼬를 텄다.   NC 나성범 1타점 적시타(서울=연합뉴스) 박동주 기자 = 17일 오후 서울 구로구 고척스카이돔에서 열린 2020 프로야구 포스트시즌 한국시리즈 1차전 두산 베어스와 NC 다이노스의 경기. 1회말 1사 3루에서 NC 나성범이 적시타를 날리고 있다. 2020.11.17 pdj6635@yna.co.kr   이명기의 보내기 번트로 이어간 1사 3루에서 나성범이 알칸타라의 빠른 볼을 결대로 밀어 좌익수 앞으로 굴러가는 깨끗한 적시타를 날렸다.   NC는 1-0으로 앞선 4회말 알칸타라의 몸에 맞는 볼 2개를 발판 삼아 추가 득점에 성공했다.   선두 박석민이 종아리에 맞고 출루하고 1사 후 유니폼에 공이 스친 권희동이 1루로 걸어 나갔다.   1사 1, 2루에서 위기임을 직감한 정재훈 두산 투수코치가 에런 알테어 타석에서 흐름을 끊고자 마운드에 올랐다.   '3점이요'(서울=연합뉴스) 한종찬 기자 = 17일 오후 서울 구로구 고척스카이돔에서 열린 2020 프로야구 포스트시즌 한국시리즈 1차전 두산 베어스와 NC 다이노스의 경기. 4회말 1사 1, 2루에서 NC 알테어가 3점 홈런을 치고 있다. 2020.11.17 saba@yna.co.kr   그러나 알칸타라는 1볼 2스트라이크의 유리한 볼 카운트에서 연속 볼을 던져 풀카운트를 자초했고, 이번에도 예리하지 못한 포크볼을 던졌다가 대포를 얻어맞았다.   NC 알테어 홈런에 들썩이는 NC 더그아웃(서울=연합뉴스) 박동주 기자 = 17일 오후 서울 구로구 고척스카이돔에서 열린 2020 프로야구 포스트시즌 한국시리즈 1차전 두산 베어스와 NC 다이노스의 경기. 4회말 1사 1, 2루에서 NC 알테어가 중견수 뒤 홈런을 날리고 베이스를 돌고 있다. 2020.11.17 pdj6635@yna.co.kr   알테어는 시원하게 공을 잡아채 좌중간으로 130ｍ를 날아가 스탠드에 떨어지는 대형 석 점 홈런을 쐈다.   두산은 5회초 곧바로 반격했다.   두산도 선두 박세혁이 NC 선발 투수 드루 루친스키의 공에 오른쪽 팔 윗부분을 맞아 추격 기회를 잡았다.   1사 후 정수빈이 좌선상에 떨어지는 2루타로 2, 3루를 만들었다.   득점 올리는 박세혁(서울=연합뉴스) 박동주 기자 = 17일 오후 서울 구로구 고척스카이돔에서 열린 2020 프로야구 포스트시즌 한국시리즈 1차전 두산 베어스와 NC 다이노스의 경기. 5회초 1사 2, 3루 두산 박건우의 적시타 때 박세혁이 홈인하고 있다. 2020.11.17 pdj6635@yna.co.kr   이 때 박건우의 땅볼 타구를 잡은 NC 3루수 박석민이 1루에 공을 던지려고 했지만, 공을 한 차례 놓친 바람에 타자와 주자가 모두 살았다.   3루 주자 박세혁이 홈을 밟아 0의 침묵을 깼다.   NC 루친스키 '바로 이거지!'(서울=연합뉴스) 임헌정 기자 = 17일 오후 서울 구로구 고척스카이돔에서 열린 2020 KBO리그 한국시리즈 1차전 두산 베어스와 NC 다이노스의 경기. NC 선발 루친스키가 5회초 1사 만루에서 두산 페르난데스 병살타 때 주먹을 불끈 쥐며 기뻐하고 있다. 2020.11.17 kane@yna.co.kr   두산은 최주환의 볼넷으로 절호의 1사 만루 찬스를 잡았지만, 호세 페르난데스가 노려 친 공이 루친스키의 가랑이 사이를 통과하지 못하고 투수∼포수∼1루수로 이어지는 병살타가 된 바람에 득점으로 잇지 못했다.   '따라가자'(서울=연합뉴스) 한종찬 기자 = 17일 오후 서울 구로구 고척스카이돔에서 열린 2020 프로야구 포스트시즌 한국시리즈 1차전 두산 베어스와 NC 다이노스의 경기. 6회초 1사 1, 2루에서 두산 박세혁이 1타점 적시타를 친 뒤 세리머니를 하고 있다. 2020.11.17 saba@yna.co.kr   아쉬움도 잠시, 6회초에 다시 두산에 기회가 다가왔다.   1사 후 허경민이 우전 안타로 출루하고, 오재일이 포수 타격 방해로 1루를 밟았다.   오재일의 방망이에 NC 포수 양의지의 미트가 닿은 것이다. 양의지의 실책으로 기록됐다.   1사 1, 2루에서 박세혁이 루친스키를 두들겨 우중간을 가르는 2루타로 허경민을 홈에 불러들였다.   3루에 간 오재일은 김재호가 바뀐 투수 김진성을 공략해 중견수 희생플라이를 날리자 득점했다.   그러나 이번에도 3-4로 턱밑까지 추격한 2사 2루에서 정수빈이 삼진으로 돌아서 동점에 이르진 못했다.   역투하는 NC 임정호(서울=연합뉴스) 임헌정 기자 = 17일 오후 서울 구로구 고척스카이돔에서 열린 2020 KBO리그 한국시리즈 1차전 두산 베어스와 NC 다이노스의 경기. NC 투수 임정호가 8회초 역투하고 있다. 2020.11.17 kane@yna.co.kr   두산의 총공세를 NC는 철벽 계투로 막았다.   7회 1사 후 최주환이 우전 안타로 나가자 좌타자 페르난데스와 김재환을 겨냥해 NC는 왼손 임정호를 투입했다. 페르난데스는 이번에도 유격수 병살타에 그쳐 연타석으로 맥을 끊었다.   4회 무사 1루에서 김재환의 병살타를 합쳐 두산은 이날에만 병살타 3개로 자멸했다.   NC 박석민은 4-3으로 간신히 앞선 8회말 1사 3루에서 중견수 희생플라이를 날려 실책을 만회하고 쐐기를 박았다.   5⅓이닝을 3실점(1자책점) 한 루친스키에 이어 김진성(6회), 임정호(7회), 홍성민·임창민(이상 8회), 원종현 등 5명의 벌떼 구원진이 3⅔이닝을 무실점으로 이어 던져 승리에 앞장섰다.   양 팀의 2차전은 18일 오후 6시 30분 같은 장소에서 열린다.   cany9900@yna.co.kr, jiks79@yna.co.kr, abbie@yna.co.kr   ▶코로나19 속보는 네이버 연합뉴스[구독 클릭]▶[팩트체크]조두순 출소후 법으로 음주 금지 가능?▶제보하기   <저작권자(c) 연합뉴스(https://www.yna.co.kr/), 무단 전재-재배포 금지> 기사제공 연합뉴스  "
4,"KBS, '검언유착' 오보 관련자 감봉 등 징계",https://news.naver.com/main/read.nhn?mode=LPOD&mid=sec&oid=001&aid=0012021417&isYeonhapFlash=Y&rc=N,2020.11.17. 오후 8:30,"     1·3노조 ""솜방망이 처벌…지나치게 가벼운 징계""   KBS 검언유착오보진상위, KBS 사장 고소(서울=연합뉴스) 최재구 기자 = 이영풍 KBS공영노조부위원장, 이석우 미디어연대 공동대표, 허성권 KBS1노조부위원장 등이 지난 8월 5일 서울 서초구 중앙지검으로 KBS 양승동 사장, MBC 박성제 사장 등을 명예훼손 및 업무방해 등으로 고소하기 위해 들어서고 있다. 2020.8.5 jjaeck9@yna.co.kr   (서울=연합뉴스) 김정진 기자 = KBS가 이른바 '검언유착' 관련 오보와 관계된 기자들에게 감봉 등의 징계를 했다.   KBS는 검언유착 오보 사태에 대한 책임을 물어 전 법조팀장에게 감봉 1개월, 전 법조반장과 사회부장에게 견책 처분을 했다고 17일 밝혔다. 해당 보도를 한 취재기자와 당시 당직 국장이었던 디지털뉴스주간은 견책 미만의 징계를 받은 것으로 알려졌다.   KBS는 직무상 명령 불복종과 지휘감독 소홀 등 인사규정에 근거해 징계했다고 설명했다.   이번 징계를 두고 보수 성향으로 분류되는 KBS노동조합(1노조) 선거대책본부와 KBS공영노동조합(3노조)은 중징계가 아닌 점을 들어 비판했다.   1노조는 ""이번 징계는 잘못을 시인했다는 점에서 당연한 결과""라면서도 ""KBS의 공신력과 대외 신뢰도에 오점을 남긴 사건임에도 솜방망이 처벌로 마무리했다""고 지적했다.   3노조도 ""사건의 위중함에 비해 지나치게 가벼운 징계""라며 ""이를 통해 KBS엔 정의가 사라졌음을 절감한다""고 1노조와 입장을 같이했다.   다수 노조이자 진보 성향으로 분류되는 전국언론노조 KBS본부(2노조)는 입장을 내놓지 않았다.   KBS는 지난 7월 18일 1TV '뉴스 9'을 통해 한동훈 검사장과 이동재 전 채널A 기자가 유시민 노무현재단 이사장의 신라젠 주가 조작 연루 의혹을 제기하기로 공모한 구체적 정황을 확인했다고 보도했다.   하지만 보도의 근거가 됐던 녹취록 전문이 공개되면서 오보임이 밝혀졌고, KBS는 공식으로 사과했다. 이후 한 검사장은 KBS 법인이 아닌 보도본부장 등 개인 8명을 상대로 5억원대 손해배상 소송을 제기하기도 했다.   방송통신심의위원회도 지난달 12일 ""사회적으로 민감한 사안에 대해 일부 취재원의 말만 믿고 녹취록을 확인하지도 않은 채 무리하게 보도한 것은 방송의 공공성과 공적 책임을 저버린 행위""라며 '주의'를 결정했다.   stopn@yna.co.kr   ▶코로나19 속보는 네이버 연합뉴스[구독 클릭]▶[팩트체크]조두순 출소후 법으로 음주 금지 가능?▶제보하기   <저작권자(c) 연합뉴스(https://www.yna.co.kr/), 무단 전재-재배포 금지>  "
5,손흥민-황의조-황희찬 '최정예 삼각편대' 카타르전 출격,https://news.naver.com/main/read.nhn?mode=LPOD&mid=sec&oid=001&aid=0012021479&isYeonhapFlash=Y&rc=N,2020.11.17. 오후 9:13,"   카타르전 축구대표팀 선발 명단  [대한축구협회 제공. 재판매 및 DB 금지]   (서울=연합뉴스) 안홍석 기자 = 신종 코로나바이러스 감염증(코로나19) 악재 속에서 치르는 카타르전에서 파울루 벤투 감독이 대표팀 최정예인 손흥민(토트넘)-황의조(보르도)-황희찬(라이프치히) '3각 편대'를 가동한다.   17일 오후 10시(한국시간) 오스트리아 마리아 엔처스도르프의 BSFZ 아레나에서 열리는 카타르전을 앞두고 발표된 벤투호의 선발 출전 명단을 보면 이들은 4-3-3 포메이션의 최전방 스리톱을 구성한다.   남태희와 정우영(이상 알사드), 이재성(킬)이 중원을 책임지며 포백라인에는 왼쪽부터 윤종규(서울), 권경원(상무), 원두재, 김태환(이상 울산)이 선다.   코로나19 확진 판정을 받은 주전 골키퍼 조현우(울산) 대신 구성윤(대구)이 지난 멕시코전에 이어 2경기 연속 골키퍼 장갑을 낀다.   ahs@yna.co.kr   ▶코로나19 속보는 네이버 연합뉴스[구독 클릭]▶[팩트체크]조두순 출소후 법으로 음주 금지 가능?▶제보하기   <저작권자(c) 연합뉴스(https://www.yna.co.kr/), 무단 전재-재배포 금지> 기사제공 연합뉴스  "
6,전세대책 발표 19일로 연기…단기간에 공공임대 10만호 공급,https://news.naver.com/main/read.nhn?mode=LPOD&mid=sec&oid=001&aid=0012020946&isYeonhapFlash=Y&rc=N,2020.11.17. 오후 5:03,"     민간 짓는 다가구주택, 서울시내 호텔과 사무실 등 주거용으로 바꿔 공급   전셋값 상승(일러스트)제작 김민준아이클릭아트 그래픽 사용   (세종=연합뉴스) 차지연 기자 = 정부가 전세난에 숨통을 틔워줄 전세대책을 오는 19일 발표한다.   17일 기획재정부와 국토교통부 등 관계부처에 따르면 정부는 19일 홍남기 부총리 겸 기재부 장관이 주재하는 부동산시장 점검 관계장관회의를 열고 전세대책을 내놓을 계획이다.   애초 회의가 18일 열릴 예정이었으나 참석자 일정 문제로 하루 늦춰졌고, 이에 따라 대책 발표도 미뤄졌다.   정부는 전세난 해결을 위해 임대주택 공급을 늘리고 공급 시기는 앞당기는 방안을 담아 대책을 마련한 것으로 알려졌다.   늦어도 내년 1분기까지 단기 공공임대주택 공급량을 10만호 이상 늘리는 것이 골자다.   현재 공실인 주택을 정부가 매입하거나 임대해 전세로 다시 내놓는 매입·전세임대 방식이 유력하다.   민간이 짓고 있는 다가구·다세대 주택을 대상으로 약정을 맺은 뒤 건축 완료 이후 매입해 임대주택으로 공급하는 매입약정 방식도 포함된 것으로 전해졌다.   신종 코로나바이러스 감염증(코로나19) 사태로 관광산업이 쪼그라들면서 매물로 나온 서울 시내 호텔을 사들여 임대주택으로 공급하는 방안, 상가와 사무실 등을 주거용으로 바꿔 공급하는 방안 등도 거론된다.   주택 공급은 한국토지주택공사(LH)나 서울주택도시공사(SH) 등 공적 기관이 주도하게 된다.   정부는 공공임대주택 확대 공급에 이번 대책의 초점을 맞추고 매매시장 안정 방안과 임대차 3법 등 기존 정책 방향은 수정하지 않을 방침이다.   charge@yna.co.kr   ▶코로나19 속보는 네이버 연합뉴스[구독 클릭]▶[팩트체크]'英 휴대폰 비번 공개법' 어떤 내용?▶제보하기   <저작권자(c) 연합뉴스(https://www.yna.co.kr/), 무단 전재-재배포 금지>  "
7,"전문가들 ""거리두기 1.5단계 격상 필요""…일각선 실효성에 의문",https://news.naver.com/main/read.nhn?mode=LPOD&mid=sec&oid=001&aid=0012021285&isYeonhapFlash=Y&rc=N,2020.11.17. 오후 7:32,"     ""코로나19 확산세 차단에 어느 정도 효과있을지는 두고 봐야""    '거리두기 세부지침'(서울=연합뉴스) 박동주 기자 = 서울시가 19일 0시부터 사회적 거리두기 1.5단계에 해당하는 방역 조치를 시행하겠다고 밝힌 17일 코인노래방, 보드게임 카페 등이 있는 한 상가 내에 거리두기 세부지침 관련 안내문이 붙어 있다. 1.5단계로 격상됨에 따라 수도권의 다중이용시설은 시설 및 업종에 따라 이용인원이 면적 4㎡(약 1.2평)당 1명으로 제한된다. 또 클럽 춤추기와 노래방 음식 섭취 금지 등과 같은 위험도 높은 활동이 금지된다. 2020.11.17 pdj6635@yna.co.kr   (서울=연합뉴스) 이도연 기자 = 정부가 오는 19일부터 서울·경기·광주의 거리두기 단계를 1.5단계로 격상한 데 대해 전문가들은 ""필요한 조치""라고 평가했다. 다만 일각에서는 이번 조치의 실효성을 두고 의문을 제기하는 목소리도 나온다.   17일 중앙재난안전대책본부(중대본)는 신종 코로나바이러스 감염증(코로나19) 확산세가 가파른 서울, 경기, 광주의 거리두기가 19일 0시부터 2주간 현행 1단계에서 1.5단계로 상향된다고 밝혔다.   거리두기 1.5단계가 적용되는 지역의 다중이용시설은 시설 및 업종에 따라 이용 인원이 면적 4㎡(약 1.2평)당 1명으로 제한되는 등 1단계보다 한층 강화된 방역수칙이 적용된다.   전문가들은 거리두기 격상 필요성을 강조했다.   기모란 국립암센터 교수는 ""거리두기 1.5단계 격상은 필요하니까 한 것""이라며 ""거리두기 기준안의 격상 기준에 수도권이 해당하므로 격상됐지만, 인천의 경우 환자가 없어서 며칠 뒤에 단계를 조정한다""고 말했다.   1.5단계로 거리두기를 상향한 이번 조처를 통해 코로나19 확산세를 차단할 수 있을지를 두고는 의문을 표하는 의견도 있었다.   김우주 고려대 구로병원 감염내과 교수는 ""거리두기 1.5단계의 내용을 보면, 지금 폭증하는 환자 증가 추세를 차단할 수 있을지 의문""이라고 말했다.   그는 ""이제 겨울 초입이고, 이번 겨울의 유행 규모는 지난 2∼3월, 8∼9월의 규모와 다를 수 있다. (거리두기 상향 단계를) 더 높여 '굵고 짧게' 과감하게 할 필요가 있다""고 견해를 피력했다.   김 교수는 ""1주간 일평균 확진자 수가 1.5단계 상향 기준을 넘은 강원도에는 적용이 안 되고, 수도권에서도 인천이 빠졌다""며 ""거리두기 체계 적용에 일관성이 없다""라고도 지적했다.   엄중식 가천대 길병원 감염내과 교수는 ""1.5단계에서도 방역이 강화되는 지역, 장소, 환경이 제한돼 있는데 현 코로나19 집단감염은 광범위하게 발생하고 있다""며 ""그 많은 지역을 포괄할 수 있는지 하는 걱정이 든다""고 우려했다.   그는 ""거리두기 1.5단계로 격상이 안 하는 것보다는 효과가 있겠지만, 확산세 차단에 어느 정도 도움이 될지는 두고 봐야 할 것""이라며 ""거리두기 단계를 격상을 발표한 다음 그다음 단계로 올리는 것은 이른 시간 안에 결정하면 어떨까 싶다""고 덧붙였다.   dylee@yna.co.kr   ▶코로나19 속보는 네이버 연합뉴스[구독 클릭]▶[팩트체크]조두순 출소후 법으로 음주 금지 가능?▶제보하기   <저작권자(c) 연합뉴스(https://www.yna.co.kr/), 무단 전재-재배포 금지>  "
8,맨시티전 앞둔 토트넘 '골잡이' 손흥민 복귀에 전세기 투입,https://news.naver.com/main/read.nhn?mode=LPOD&mid=sec&oid=001&aid=0012021438&isYeonhapFlash=Y&rc=N,2020.11.17. 오후 8:49,"   손흥민 '브이'  [대한축구협회 제공. 재판매 및 DB 금지]   (서울=연합뉴스) 이영호 기자 = 잉글랜드 프로축구 프리미어리그 토트넘 홋스퍼가 축구대표팀 오스트리아 원정에 나선 '골잡이' 손흥민의 빠르고 안전한 복귀를 위해 전세기를 투입한다.   대한축구협회는 17일 ""손흥민이 카타르 평가전을 마친 뒤 토트넘에서 보내준 전세기를 타고 곧바로 이동한다""고 밝혔다.   손흥민은 지난 9일 오스트리아 원정에 나선 축구 대표팀에 합류해 벤투호 '캡틴'으로 15일 멕시코와 평가전에서 황의조(보르도)의 선제골을 돕는 맹활약을 펼쳤다.   이런 가운데 벤투호는 한국시간 13일 새벽 신종 코로나바이러스 감염증(코로나19) 유전자증폭(PCR) 검사에서 권창훈(프라이부르크), 이동준(부산), 조현우(울산), 황인범(루빈 카잔)이 양성 판정을 받았고, 15일 2차 PCR 검사에서 김문환(부산)과 나상호(성남)가 추가로 코로나19에 감염됐다.   벤투호는 양성 판정을 받은 6명의 선수를 제외하고 19명의 선수로 멕시코전을 치렀고, 권창훈이 16일 오전 방역 차량편으로 오스트리아의 대표팀 숙소를 떠나 소속팀으로 복귀했다.   17일 카타르와 평가전을 마지막으로 벤투호의 오스트리아 원정 일정이 끝나는 상황에서 손흥민의 소속팀인 토트넘은 '무사 복귀'를 위해 자가용 전세기를 투입해 '호송 작전'에 나서기로 해 눈길을 끈다.   축구협회 관계자는 ""손흥민이 토트넘에서 제공하는 자가용 전세기를 이용하기로 하면서 애초 발권했던 귀국용 비행기 티켓을 취소했다""라며 ""가치가 엄청난 선수이다 보니 구단에서도 특별한 대우를 해주고 있다""고 귀띔했다.   토트넘은 8라운드까지 승점 17을 기록, 레스터시티(승점 18)에 이어 EPL 2위를 달리고 있다. 리버풀과 승점이 같지만 골 득실에서 앞선 상태다.   토트넘은 한국시간 22일 오전 2시 30분 영국 런던 토트넘 홋스퍼 스타디움에서 열리는 맨체스터 시티(이하 맨시티)와 정규리그 9라운드를 통해 선두 등극에 도전한다.   강호와 대결을 앞둔 토트넘은 최상의 스쿼드를 꾸려야 하는 상황에서 이번 시즌 8골로 득점 공동 선수인 손흥민의 활약을 기대한다.   손흥민의 안전한 귀국이 필요한 만큼 토트넘은 코로나19 예방 차원에서 많은 사람이 이용하는 기존 항공편 대신 전세기를 투입해 안전하고 편안하게 영국으로 복귀할 수 있도록 전력을 기울였다.   horn90@yna.co.kr   ▶코로나19 속보는 네이버 연합뉴스[구독 클릭]▶[팩트체크]조두순 출소후 법으로 음주 금지 가능?▶제보하기   <저작권자(c) 연합뉴스(https://www.yna.co.kr/), 무단 전재-재배포 금지> 기사제공 연합뉴스  "
9,"모더나 이어 화이자도 ""코로나 백신 95% 면역효과""…최종 결과",https://news.naver.com/main/read.nhn?mode=LPOD&mid=sec&oid=001&aid=0012024561&isYeonhapFlash=Y&rc=N,2020.11.18. 오후 9:57,"     모더나 94.5% 중간결과 발표 이틀만…광범위한 백신 보급 기대감 높여 화이자 CEO ""코로나 종식 여정의 중요한 발걸음""…CNN ""안전 문제 이정표 세워""""65세 이상 고령층도 예방효과 94% 넘겨…심각한 부작용 없어""   화이자 백신 공동개발자 ""코로나19 팬데믹 끝낼 수 있다""(마인츠 EPA=연합뉴스) 미국 제약회사 화이자와 함께 신종 코로나바이러스 감염증(코로나19) 백신을 개발 중인 독일 생명공학 기업 바이오엔테크의 공동창업자 겸 최고경영자(CEO)인 우구르 사힌. 사힌은 12일(현지시간) 영국 일간 가디언과 인터뷰에서 ""현재 개발 중인 백신으로 코로나19를 끝낼 수 있는지 묻는다면 내 대답은 예스(Yes)""라고 말했다. [재판매 및 DB 금지] leekm@yna.co.kr   (서울=연합뉴스) 이승민 기자 = 미국 제약업체인 화이자가 독일 바이오엔테크와 공동 개발한 신종 코로나바이러스 감염증(코로나19) 백신의 면역 효과가 95%라는 최종 결과가 나왔다.   AFP통신과 로이터통신, CNN방송 등은 18일(현지시간) 화이자 코로나19 백신에 대한 3상 임상시험에 대한 최종 결과라며 이같이 보도했다.   CNN에 따르면 화이자는 3상 시험 참가자 가운데 코로나19에 감염된 환자 170명을 분석한 결과, 백신을 처방받고도 코로나19에 걸린 경우는 8명에 그쳤다고 밝혔다.      나머지 162명은 가짜 약(플라시보)을 처방받은 환자였다.   앨버트 불라 화이자 최고경영자(CEO)는 ""이번 연구 결과는 이 재앙적인 팬데믹(세계적 대유행)을 종식시키는데 기여할 백신을 개발하기 위한 역사적인 8개월간 여정에서 중요한 발걸음을 기록했다""고 밝혔다.   화이자는 이번에 개발한 백신이 심각한 부작용을 갖고 있지 않다고 설명했다.   화이자는 바이오엔테크와 발표한 공동성명에서 ""예방효과는 연령과 인종, 민족적 분포 지도상 일관성을 보였다""며 65세 이상 고령층의 경우도 예방효과가 94%를 넘었다고 설명했다.   CNN은 화이자의 백신이 안전 문제에 있어 이정표를 세웠다고 보도했다.   화이자는 수일 내에 미국 식품의약국(FDA)에 긴급 사용 신청을 할 예정이다.   화이자의 이번 결과 발표는 3상 임상시험 참가자 94명을 분석한 결과를 토대로 예방률이 90%를 넘는 것으로 나타났다는 지난 9일 중간결과 발표가 있은지 9일만에 이뤄진 것이다.   화이자의 중간결과 발표로부터 일주일 뒤인 지난 16일에는 미 제약회사 모더나가 개발 중인 코로나19 백신 후보의 예방률이 94.5%라는 중간결과가 나온 바 있다.      화이자의 이번 최종 결과 발표는 모더나 발표가 있은지 이틀 만에 이뤄진 것이다.   모더나에 이어 화이자의 백신 예방률도 95%에 달하는 것으로 잇따라 나오면서 광범위한 백신 보급이 가능할 것이라는 기대를 높이고 있다.   앞서 모더나 백신은 화이자-바이오엔테크와 마찬가지로 신기술인 '메신저 리보핵산'(mRNA·전령RNA) 방식으로 개발됐으나, 화이자-바이오엔테크 백신과 달리 일반 냉장고에서도 보관할 수 있어 훨씬 더 보급이 쉬울 것이라는 보도가 나온 바 있다.   hanksong@yna.co.kr   ▶코로나19 속보는 네이버 연합뉴스[구독 클릭]▶[팩트체크]'우리는 민주당 동지' 추미애 글, 법 위반?▶제보하기   <저작권자(c) 연합뉴스(https://www.yna.co.kr/), 무단 전재-재배포 금지>  "
10,"삼성바이오·셀트리온, 송도 바이오클러스터 개발 본격화",https://news.naver.com/main/read.nhn?mode=LPOD&mid=sec&oid=001&aid=0012023855&isYeonhapFlash=Y&rc=N,2020.11.18. 오후 4:24,"     바이오의약품 생산기지 입지 공고화…두 회사서 2.5조원 투자삼성바이오로직스 4공장·셀트리온 3공장 각각 건립 착수삼성바이오로직스[207940] ""세계 최대 생산기지 만들어 경쟁력""셀트리온[068270] ""2030년까지 해외 공장 포함 총 60만ℓ 생산규모 확보""     바이오의약품 생산기지 입지 공고화…두 회사서 2.5조원 투자   삼성바이오로직스 4공장·셀트리온 3공장 각각 건립 착수   삼성바이오로직스 ""세계 최대 생산기지 만들어 경쟁력""   셀트리온 ""2030년까지 해외 공장 포함 총 60만ℓ 생산규모 확보""   (서울=연합뉴스) 김잔디 기자 = 삼성바이오로직스와 셀트리온이 인천 송도에 대규모 투자를 단행하며 세계 최대 규모의 바이오의약품 생산기지 조성에 속도를 내고 있다.   삼성바이오로직스는 2조원, 셀트리온은 5천억원을 각각 투자해 바이오의약품 생산시설과 연구개발(R&D) 센터 등을 건립할 예정이다. 이를 통해 두 회사는 세계 무대에서도 인정받을 만한 경쟁력을 갖춰 이른바 'K-바이오'의 위상을 공고히 한다는 전략이다.   (서울=연합뉴스) 삼성바이오로직스 제4공장 착공식. 2020.11.18. [삼성바이오로직스 제공. 재판매 및 DB 금지].    삼성바이오·셀트리온, 정부 바이오헬스 사업화 촉진에 '화답' 삼성바이오로직스와 셀트리온은 18일 정부의 바이오헬스 산업 사업화 촉진 정책 발표에 화답해 각각 4공장과 3공장 건립에 착수한다고 알렸다.   정부는 이날 인천 송도 연세대 국제캠퍼스에서 바이오헬스 사업 사업화 촉진 및 기술역량 강화를 위한 전략을 발표하고, '인천상륙작전, 인천의 꿈'이라는 제목으로 바이오산업 현장방문 행사를 개최했다.   삼성바이오로직스는 단일 공장 기준으로 세계 최대 규모인 25만6천ℓ의 4공장을 설립하기로 했다. 이날 착공한 4공장 건설에만 1조7천400억원을 투입하기로 했다. 삼성바이오로직스가 향후 제2바이오캠퍼스 부지까지 확보하면 전체 투자비는 2조원을 넘길 전망이다.   삼성바이오로직스는 2023년 4공장이 가동되면 송도에서만 총 62만ℓ 규모의 바이오의약품을 생산할 수 있는 능력을 확보하게 된다. 앞서 삼성바이오로직스는 1공장(3만ℓ)을 시작으로 2공장 15만4천ℓ, 3공장 18만ℓ 등 생산 규모를 크게 불려왔다.   3공장을 준공할 2017년 당시 단일 공장으로는 세계 최대 기록을 세우면서 경쟁 바이오의약품 위탁생산(CMO) 업체인 스위스의 론자(26만ℓ)나 독일의 베링거인겔하임(24만ℓ)을 뛰어넘은 바 있다.   김태한 삼성바이오로직스 사장은 ""4공장 증설로 삼성바이오의 1캠퍼스가 완료되고 2캠퍼스 부지도 구입해 인천 바이오클러스터 계획에 앞장설 예정""이라며 ""2캠퍼스에서는 바이오 벤처 육성과 중소 바이오텍과의 상생을 통해 글로벌 R&D 역량 강화를 추구하겠다""고 밝혔다.   셀트리온 역시 3공장에 이어 4공장 설립을 추진하겠다고 밝히면서 국내에서만 45만ℓ의 생산능력을 확보할 전망이다. 셀트리온은 기존 1공장(10만ℓ), 2공장(9만ℓ)에 더해 3공장(6만ℓ), 4공장(20만ℓ)을 설립한다. 셀트리온은 2030년까지 해외 공장을 포함해 총 60만ℓ의 생산능력을 갖출 예정이다.   (서울=연합뉴스) 셀트리온 글로벌생명공학연구센터 조감도. 2020.11.18. [셀트리온 제공. 재판매 및 DB 금지]    송도, 바이오의약품 생산기지 공고화…K바이오 경쟁력 입증 삼성바이오로직스와 셀트리온이 대규모 투자 계획을 밝히면서 송도는 명실상부한 바이오의약품 생산기지와 바이오클러스터로 자리 잡을 전망이다.   서정진 셀트리온그룹 회장은 이날 연세대 국제캠퍼스에서 열린 행사에 참석해 ""앞으로 인천 송도가 전세계에서 (바이오 분야) R&D 핵심지역이 될 것""이라는 자신감을 드러내기도 했다.   송도는 삼성바이오로직스, 셀트리온 등 다수의 바이오 기업이 자리를 잡은 이후 연세대 등 다수의 대학과 연구기관이 들어서며 바이오 클러스터로서의 입지를 갖췄다. 뛰어난 물류 환경, 해외와의 교류가 상대적으로 수월한 입지라는 점도 송도의 경쟁력을 강화한 요인 중 하나다.   연세대의료원에서도 이곳에 송도세브란스병원을 설립, 바이오 분야 연구기능을 갖춘 연구중심병원으로 육성할 예정이어서 바이오 클러스터로서 자리매김할 전망이다. 향후 송도세브란스병원은 해외 대학이나 연구소, 제약사, 바이오 기업과 연계하는 한편 활발한 임상 연구에도 힘을 보태기로 했다.   이처럼 삼성바이오로직스와 셀트리온 등이 잇따라 생산능력을 확충하는 데에는 'K바이오'가 국제무대에서 인정받는 수준으로 성장한 영향이 컸다. 바이오의약품 위탁생산(CMO) 분야가 성장을 거듭하는 가운데 고품질의 바이오의약품을 생산할 수 있는 역량을 인정받았다는 것이다. 신종 코로나바이러스 감염증(코로나19) 유행 속에서도 공장을 안정적으로 가동할 수 있는 공급처라는 점도 플러스 요인이다. 국내에서도 코로나19 유행이 지속하고는 있지만 미국, 유럽 등과 비교하면 상대적으로 방역에서 선방하고 있기 때문이다.   이재국 한국제약바이오협회 전무는 ""국내 제약·바이오 기업이 충분한 역량을 갖춘데다 정부의 국내 의약품 제조 및 품질관리기준(GMP) 인증이 세계적인 수준으로 인정받고 있다""며 ""K바이오에 대한 신뢰가 커지고 인지도가 높아지는 추세""라고 평했다.   jandi@yna.co.kr   ▶코로나19 속보는 네이버 연합뉴스[구독 클릭]▶[팩트체크]'우리는 민주당 동지' 추미애 글, 법 위반?▶제보하기   <저작권자(c) 연합뉴스(https://www.yna.co.kr/), 무단 전재-재배포 금지>  "
11,연세대 신촌캠퍼스 코로나 비상…확진자 11명으로 증가,https://news.naver.com/main/read.nhn?mode=LPOD&mid=sec&oid=001&aid=0012024625&isYeonhapFlash=Y&rc=N,2020.11.18. 오후 10:23,"     연세대[연합뉴스 자료사진]   (서울=연합뉴스) 김치연 송은경 기자 = 신종 코로나바이러스 감염증(코로나19) 확진 판정을 받은 연세대 신촌캠퍼스 학생이 4명에서 11명으로 늘어났다.   연세대는 18일 소속 학생 7명이 추가로 코로나19 확진 판정을 받았다고 공지했다. 이 가운데 공대 소모임 관련 추가 확진자만 6명에 이른다.   신규 확진자 4명은 12일 저녁 신촌 음식점 소모임에 참석했던 학생들이다. 이 소모임에 참석한 4명이 전날 확진 판정을 받은 데 이어 이날 4명이 추가된 것이다.   당시 식사 자리에는 이들 외에도 최소 12∼13명의 학생이 참석한 것으로 알려졌다.   연세대 관계자는 ""공대 소모임 참가자들은 현재 모두 검사를 완료했으며, 확진 판정을 받은 8명을 제외하고는 모두 음성이 나왔다""고 밝혔다.   다른 2명은 기존 음식점 방문 확진자에 의한 2차 감염으로 추정된다고 연세대 측은 전했다. 나머지 1명은 공대 소모임 관련 확진자는 아니지만 음악관 내 여러 연습실을 방문한 학생으로 확인됐다.   연세대가 공개한 동선에 따르면 공대 소모임 관련 확진 학생들은 이달 10∼17일까지 제1공학관, 제4공학관, 학생회관, 한경관, 위당관 등을 방문했다. 학교 측은 이들이 방문한 공간을 폐쇄하고 방역 조치를 완료했다고 밝혔다.   한편 연세대 공학원에서도 전날 외부업체 근무자 1명이 확진 판정을 받았다. 그는 지난 12∼13일 중앙도서관, 공학원, 학생회관 등을 방문했다.   연세대는 ""추가 밀접 접촉자를 확인하고 있다""며 ""교내 구성원들은 발열체크 등 개인 방역에 특별히 유의하고 의심증상이 있는 경우에는 가까운 선별진료소를 방문해 코로나19 검사를 받기를 권고한다""고 안내했다.   이달 들어 연세대에서는 코로나19 확진자가 잇따라 나오면서 현재까지 최소 17명이 확진 판정을 받았다.   chic@yna.co.kr   ▶코로나19 속보는 네이버 연합뉴스[구독 클릭]▶[팩트체크]'우리는 민주당 동지' 추미애 글, 법 위반?▶제보하기   <저작권자(c) 연합뉴스(https://www.yna.co.kr/), 무단 전재-재배포 금지>  "
12,"법무부 ""19일 오후 2시 윤석열 조사"" 통보 시도…대검 반발",https://news.naver.com/main/read.nhn?mode=LPOD&mid=sec&oid=001&aid=0012024226&isYeonhapFlash=Y&rc=N,2020.11.18. 오후 6:49,"     평검사 2명 보내 서류 전달하려다 무산…檢 ""믿을 수 없는 일"" 법무부 ""사전 총장 비서관에게 의사 전달…예의 갖춰 절차 진행""   추미애 법무장관과 윤석열 검찰총장(서울=연합뉴스) 김승두 김인철 기자 = 17일 오전 추미애 법무부 장관(왼쪽)이 정부서울청사에서 열린 국무회의에 참석, 윤석열 검찰총장이 서울 서초구 대검찰청으로 출근하고 있다. 2020.11.17 kimsdoo@yna.co.kr yatoya@yna.co.kr   (서울=연합뉴스) 송진원 박의래 기자 = 법무부가 윤석열 검찰총장에게 대면 감찰조사 일정을 일방적으로 통보하려다가 대검 측의 반발로 무산된 것으로 알려졌다.   18일 법조계에 따르면 법무부는 감찰관실로 파견된 평검사 2명을 전날 오후 대검에 보내 윤 총장에 대한 면담을 요구했다.   이들은 ""19일 오후 2시에 대면 조사하겠다""는 일정이 적힌 서류를 윤 총장에게 직접 전달하겠다고 말한 것으로 전해졌다. 평검사들의 대검 방문은 사전에 대검 측과 조율되지 않은 것으로 알려졌다.   이에 대검 측은 두 검사에게 유감을 표시하며 ""절차에 따라 설명을 요구하면 서면으로 답변하겠다""는 입장을 전달하고 법무부로 돌려보낸 것으로 알려졌다.   대검은 진상 확인 차원에서 필요한 내용을 물어오면 그에 협조하겠다는 입장인 것으로 알려졌다. 이후 대검 정책기획과장은 두 평검사가 들고 온 면담요구서도 법무부 감찰관실에 돌려준 것으로 알려졌다.   이와 관련 법무부는 이날 오후 기자단에 문자메시지를 통해 법무부가 일방적으로 윤 총장에게 대면조사를 요구한 것은 아니라고 해명했다.   법무부는 ""감찰관실에서 지난 월요일(16일) 총장 비서관에게 법무부 진상확인 사건에 대해 조사가 필요하니 원하는 일정을 알려주면 언제든 방문하겠다고 의사를 전달했으나 대검 측은 답변을 거부했다""고 밝혔다.   이어 ""17일 오전에 대검 측에 검찰총장 방문조사 예정서 전달을 위한 방문의사를 알렸고 오후에 법무부 감찰관실 파견 검사 2명이 예정서를 전달하러 대검에 갔으나 접수를 거부해 돌아오게 된 것""이라며 ""법무부는 검찰총장 예우 차원에서 최대한 예의를 갖춰 절차를 진행하고 있다""고 해명했다.   하지만 검찰 내에선 ""믿을 수 없는 일이 발생했다""는 목소리가 나온다.   수도권의 한 부장검사는 ""우리가 국회의원이나 장관을 조사할 때도 부장검사가 직접 하거나 최소 부부장검사가 하고, 일정도 조율한다""며 ""총장을 감찰하는데 조율 없이 평검사가 가서 감찰 면담을 요구하는 것은 있을 수 없는 일""이라고 비판했다.   이 부장검사는 ""아무리 장관과 총장이 싸우고 있어도 이건 아니다""라고 했다.   앞서 추미애 법무부 장관은 윤 총장과 관련해 모두 5건의 감찰 및 진상조사를 지시한 바 있다.   이와 관련, 최근 법무부 감찰관실로 파견됐던 김용규 인천지검 형사1부장은 곧바로 파견 명령이 취소된 것으로 확인됐다. 김 부장검사에게 윤 총장에 대한 대면 조사 업무를 맡기려다 본인이 이의를 제기하자 파견을 취소한 것으로 전해졌다.   san@yna.co.kr      ▶코로나19 속보는 네이버 연합뉴스[구독 클릭]▶[팩트체크]'우리는 민주당 동지' 추미애 글, 법 위반?▶제보하기   <저작권자(c) 연합뉴스(https://www.yna.co.kr/), 무단 전재-재배포 금지>  "
13,"EU, 한국 ILO 핵심협약 비준 지연에 ""대응책 채택할 수도"" 경고",https://news.naver.com/main/read.nhn?mode=LPOD&mid=sec&oid=001&aid=0012024636&isYeonhapFlash=Y&rc=N,2020.11.18. 오후 10:29,"     이달 초 한-EU FTA 전문가 패널서 언급…불이익 조치 공식 시사   작년 1월 서울에서 열린 한-EU 무역 분쟁 절차 정부간 협의[연합뉴스 자료사진]   (서울=연합뉴스) 이영재 기자 = 유럽연합(EU)이 한국에 대해 국제노동기구(ILO) 핵심협약 비준을 위해 노력해야 한다는 한-EU 자유무역협정(FTA) 조항을 이행하지 않을 경우 불이익 조치를 할 수 있음을 공식적으로 시사했다.   고용노동부가 18일 공개한 한-EU 전문가 패널 심리 자료에 따르면 EU는 지난 8∼9일 화상으로 열린 한-EU 전문가 패널에서 양측에 주어진 공통 질의에 대해 이 같은 취지의 답변을 내놨다.   EU는 한국이 ILO 핵심협약 비준을 미뤄온 게 한-EU FTA 위반에 해당한다며 2018년 말 한국을 상대로 분쟁 해결 절차에 돌입했다.   전문가 패널은 분쟁 해결 절차의 마지막에 해당한다. 전문가 패널은 이달 중 보고서를 통해 결론을 낼 예정인데 여기에는 한국 정부에 대한 권고가 담길 수 있다.   EU는 '패널 보고서 발간 이후 가능한 후속 조치가 무엇인가'라는 질문에 ""(FTA 규정은) 피소국이 패널 권고를 이행하지 않은 경우 제소국의 FTA에 따른 무역 양허 중단을 허용하지 않는다""면서도 ""양 당사자가 국제법에 따라 기타 적절한 대응책을 채택할 가능성을 저해하는 것은 아니다""고 답했다.   무역 보복 조치를 하지는 않더라도 다양한 방식의 불이익 조치를 할 수 있음을 내비친 것이다. 국내 전문가들은 EU가 한국에 대해 통관 절차 강화 등의 조치를 내놓을 수 있다고 우려한다.   ILO 핵심협약 비준안 국회 제출(CG)[연합뉴스TV 제공]   한국 정부는 전문가 패널에서 ILO 핵심협약 비준안과 그 내용을 반영한 노동조합법 등 관련법 개정안을 국회에 제출한 점 등을 강조하며 ILO 핵심협약 비준을 위해 노력하고 있다는 입장을 재확인했다.   그러나 EU는 노조법 개정안의 근로자 개념이 특수고용직(특고) 종사자 등을 포괄하는 데 한계가 있음을 거론하며 ""(특고를 포함한) 자영업자의 결사의 자유 배제와 관련한 EU의 우려는 해소되지 않았다""고 지적했다.   EU는 ""기업 단위 노조의 경우 여전히 (기업 소속이 아닌) 비종사 근로자는 노조 간부 피선 자격을 얻지 못하는 것으로 보인다""며 기업별 노조의 임원을 기업 소속 조합원으로 제한한 노조법 개정안 조항도 문제로 거론했다.   또 ""(비종사 조합원의 사업장 출입 등에 대해 적용한) '사용자의 효율적인 사업 운영에 지장을 주지 않는 범위에서'라는 단서는 결사의 자유에 부합하지 않을 수 있다""고 비판했다.   정부가 국회에 제출한 노조법 개정안에 대해서는 국내 노동계도 반발하고 있다.   개정안은 ILO 핵심협약 기준에 맞춰 실업자와 해고자의 노조 가입을 허용하는 등 결사의 자유를 확대했지만, 경영계 요구에 따라 파업 시 사업장 점거 금지 등의 내용도 포함하고 있다.   ljglory@yna.co.kr   ▶코로나19 속보는 네이버 연합뉴스[구독 클릭]▶[팩트체크]'우리는 민주당 동지' 추미애 글, 법 위반?▶제보하기   <저작권자(c) 연합뉴스(https://www.yna.co.kr/), 무단 전재-재배포 금지>  "
14,"김재호·호세 '쾅·쾅'…두산, NC 따돌리고 KS 1승 1패",https://news.naver.com/main/read.nhn?mode=LPOD&mid=sec&oid=001&aid=0012024591&isYeonhapFlash=Y&rc=N,2020.11.18. 오후 10:15," 플렉센, 6이닝 1실점…구창모, 6이닝 3실점 패전'불운' NC, 5번이나 더블아웃 '가을야구' 타이기록   솔로포 날리고 환호하는 김재호(서울=연합뉴스) 최재구 기자 = 18일 오후 서울 구로구 고척스카이돔에서 열린 2020 프로야구 포스트시즌 한국시리즈(KS) 2차전 두산 베어스와 NC 다이노스의 경기. 4회 초 두산 선두타자 김재호가 솔로홈런을 날리고 팀 동료들과 환호하고 있다. 2020.11.18 jjaeck9@yna.co.kr   (서울=연합뉴스) 천병혁 신창용 김경윤 기자 = '디펜딩 챔피언' 두산 베어스가 한국시리즈 승부를 원점으로 돌렸다.   두산은 18일 서울 고척스카이돔에서 열린 2020 신한은행 쏠(SOL) KBO 포스트시즌 한국시리즈(7전4승제) 2차전에서 김재호와 호세 페르난데스의 홈런포를 앞세워 NC 다이노스의 막판 추격을 5-4로 따돌렸다.   1차전 패배를 설욕하고 1승 1패로 시리즈 균형을 맞춘 두산은 한국시리즈 2연패와 통산 7번째 우승을 노리게 됐다.   역대 한국시리즈 1∼2차전에서 1승씩 주고받은 사례는 18차례 있었다.   그러나 1차전 패배 뒤 2차전 승리 팀이 우승한 경우는 8번뿐으로 우승확률이 0.444로 높지는 않다.   플렉센, 'KKK' 위력구로 2차전 반전을(서울=연합뉴스) 홍해인 기자 = 18일 오후 서울 구로구 고척스카이돔에서 열린 2020 프로야구 포스트시즌 한국시리즈(KS) 2차전 두산 베어스와 NC 다이노스의 경기.     1회말 두산 선발 투수 크리스 플렉센이 역투하고 있다. 2020.11.18 hihong@yna.co.kr   구창모와 크리스 플렉센의 선발 대결로 투수전이 예상됐지만 양 팀이 대부분 이닝 출루하며 찬스와 위기를 주고받았다.   하지만 NC는 5번이나 더블아웃을 당하며 지독한 불운에 눈물을 삼켰다.   두산은 NC의 실책을 틈타 선취점을 뽑았다.   2회초 김재호가 볼넷, 호세 페르난데스는 좌전안타를 날려 1사 1, 2루에서 박건우가 3루 땅볼을 쳤다.   그러나 공을 잡은 NC 3루수 박석민이 1루에 악송구했고 이 사이 2루 주자가 3루를 돌아 홈을 밟았다.   두산은 계속된 1사 2, 3루에서 허경민의 유격수 땅볼로 1점을 추가, 2-0으로 앞섰다.   NC 추격(서울=연합뉴스) 한상균 기자 = 18일 고척스카이돔 2020 프로야구 한국시리즈 2차전 두산 베어스와 NC 다이노스의 경기.     2회말 1사 1,2루. NC 권희동 1타점 안타 후 환호하고 있다. 2020.11.18 xyz@yna.co.kr   NC는 공수 교대 후 반격에 나섰다.   2회말 1사 후 박석민이 좌익선상으로 빠지는 2루타를 쳤고 노진혁은 몸맞는공으로 나갔다.   이어 권희동이 우중간에 떨어지는 적시타를 날려 1-2로 따라붙었다.   NC는 계속된 공격에서 에런 알테어가 볼넷을 골라 1사 만루를 만들었으나 강진성이 3루수 쪽 병살타를 쳐 추가득점 기회를 날렸다.   1회말 무사 1루에서 이명기의 3루 직선타구로 더블아웃이 된 데 이어 2이닝 연속 병살타가 나왔다.   위기에서 벗어난 두산은 4회초 추가점을 뽑았다.   선두타자로 나선 김재호가 NC 선발 구창모의 초구를 걷어 올려 좌측 펜스를 넘어가는 솔로아치를 그렸다.   포스트시즌 통산 37경기째 출전한 베테랑 김재호의 '가을야구' 첫 홈런이다.   김재호는 올 정규시즌 홈런도 2개에 불과했지만 공교롭게도 2홈런이 모두 NC전에서 나왔다.   끌려가던 NC는 4회말 양의지의 안타와 박석민의 볼넷, 권희동의 몸맞는공으로 1사 만루의 기회를 잡았다.   이어 알테어의 외야 뜬공을 날려 NC가 1점을 만회하는 듯했다.   포수들의 대결(서울=연합뉴스) 한상균 기자 = 18일 고척스카이돔 2020 프로야구 한국시리즈 2차전 두산 베어스와 NC 다이노스의 경기.    4회말 1사 만루. NC 알테어 외야플라이 때 3루 주자 양의지가 홈에서 아웃되고 있다. 비디오 판독 후에도 아웃. 2020.11.18 xyz@yna.co.kr   그러나 공을 잡은 두산 우익수 박건우가 총알 같은 송구로 홈에서 3루 주자 양의지를 솎아내 실점 위기를 막았다.   NC의 불운은 5회에도 이어졌다.   5회말 1사 후 박민우가 좌전안타로 나갔고 이명기는 직선타구를 날렸다.   하지만 이명기의 타구가 두산 유격수 김재호의 글러브에 빨려 들어가면서 2루로 뛴 박민우마저 아웃돼 NC는 네 번째 병살 플레이를 당했다.   NC는 불운은 여기에 그치지 않았다.   NC는 6회말에도 1사 후 양의지가 우중간 2루타를 치고 나갔다.   이어 박석민이 날린 직선타구가 두산 플렉센의 무릎을 맞고 튀어 올라 1루수 뜬공으로 잡힌 뒤 3루로 뛰던 양의지마저 아웃되고 말았다.   또 한 번, 더블 아웃 완성(서울=연합뉴스) 홍해인 기자 = 18일 오후 서울 구로구 고척스카이돔에서 2020 프로야구 포스트시즌 한국시리즈(KS) 2차전 두산 베어스와 NC 다이노스의 경기.     6회말 1사 주자 2루 상황에서 NC 박석민이 친 공이 두산 투수 플렉센의 몸을 맞고 1루수 뜬공으로 아웃된 뒤 2루에 공이 연결되면서 커버를 들어온 유격수 김재호가 포스 아웃을 시키며 더블 아웃이 완성되고 있다. 2020.11.18 hihong@yna.co.kr   포스트시즌에서 한 경기 5번이나 병살 플레이를 당한 것은 2007년 한국시리즈 5차전에서 두산이 당한 이후 NC가 두 번째다.   여러 차례 위기에서 벗어난 두산은 8회초 선두타자 최주환이 중전안타로 포문을 열었다.   대주자 이유찬은 후속타자 김재환의 좌익수 뜬공 때 2루 진루에 성공했다.   두산은 계속된 2사 2루에서 김재호가 NC 불펜 임창민을 상대로 우전 적시타를 날려 4-1로 점수 차를 벌렸다.   승기를 잡은 두산은 9회초 선두타자 페르난데스가 NC 5번째 투수 문경찬으로부터 우월 솔로홈런을 쏘아 올려 쐐기를 박았다.   동료와 기쁨 나누는 페르난데스(서울=연합뉴스) 최재구 기자 = 18일 오후 서울 구로구 고척스카이돔에서 2020 프로야구 포스트시즌 한국시리즈(KS) 2차전 두산 베어스와 NC 다이노스의 경기.     9회초 두산 선두 타자 호세 페르난데스가 우월 솔로 홈런을 치고 팀 동료와 환호하고 있다. 2020.11.18 jjaeck9@yna.co.kr   NC는 9회말 마지막 공격에서 두산 마무리 이영하를 상대로 양의지의 2루타와 노진혁은 중전안타, 권희동은 볼넷을 골라 1사 만루의 기회를 잡았다.   이어 알테어가 우전 적시타를 날려 2-5로 추격했다.   NC는 계속된 1사 만루에서 강진성이 2타점 좌전안타를 날려 4-5로 턱밑까지 따라붙었다.   그러나 계속된 1사 1, 2루에서 박민우가 헛스윙 삼진, 이명기는 1루 땅볼로 물러나 아쉽게 역전에는 실패했다.   두산 김재호는 3타수 2안타, 2타점, 2득점으로 활약했고 타격 부진에 시달리던 페르난데스와 오재일도 2안타씩 쳤다.   한국시리즈 3차전은 하루 휴식을 취한 뒤 20일 오후 6시 30분 열린다.   shoeless@yna.co.kr   ▶코로나19 속보는 네이버 연합뉴스[구독 클릭]▶[팩트체크]'우리는 민주당 동지' 추미애 글, 법 위반?▶제보하기   <저작권자(c) 연합뉴스(https://www.yna.co.kr/), 무단 전재-재배포 금지> 기사제공 연합뉴스  "
15,'바이든에 줄대라' 워싱턴은 로비 전쟁 중…문턱 닳는 K스트리트,https://news.naver.com/main/read.nhn?mode=LPOD&mid=sec&oid=001&aid=0012024571&isYeonhapFlash=Y&rc=N,2020.11.18. 오후 10:03,"     각국 정부·기업, 바이든측 인맥찾기 '허둥지둥'…로비회사들 문전성시   이집트·터키 등 親트럼프 권위주의 국가들 '경로 선회' 초비상   기자회견서 입장 밝히는 바이든[로이터=연합뉴스]   (서울=연합뉴스) 이승민 기자 = '바이든 쪽에 줄을 대라'   11·3 대선이 조 바이든 민주당 당선인의 승리로 귀결되자 세계 각국이 로비 대상을 도널드 트럼프 미 대통령에서 바이든 당선인 측으로 급히 수정, 발 빠르게 움직이고 있다.   트럼프 대통령의 불복으로 아직 당선 선언이 공식적으로 이뤄지기 전이지만, 로비업체가 밀집된 K스트리트는 바이든 쪽 인맥에 줄을 대려는 각국의 인사들로 북적대는 등 바이든 행정부가 출범하기도 전부터 워싱턴DC에서는 그야말로 로비 전쟁이 한창이다.   뉴욕타임스(NYT)는 17일(현지시간) 세계 각국 정부와 글로벌 기업들이 바이든 당선인과 관계가 있는 미국 내 로비스트들을 만나기 위해 허둥지둥하고 있다고 보도했다.   실제 대선 직후인 지난 4일 CNN의 정치분석가이자 빌 클린턴 행정부에서 백악관 대변인을 지낸 조 록하트가 진행한 화상 콘퍼런스는 20여 개국 외교관들이 몰려들면서 '문전성시'를 이뤘다.   록하트가 소속된 컨설팅 회사 '래셔널 360'은 '대선 후 당신의 어젠다를 어떻게 실현할 것인가에 대한 조언이었다'고 화상 콘퍼런스의 성격을 규정했다.   특히 트럼프 대통령과 '밀월 관계'를 보였던 친트럼프 성향의 권위주의 국가들은 경로 선회를 위해 비상이 걸렸다.   민주당과 가까운 로비스트인 매니 오르티스는 대선 이후 세계 각국의 관심도가 아주 높아졌다면서 카타르, 사우디아라비아, 터키 등 트럼프 행정부와 밀접했던 국가들부터 문의가 쇄도하고 있다고 전했다.   현재 6개국과 계약 협상이 진행 중이라고 한다.   트럼프의 재선을 은근히 원했던 이집트, 사우디아라비아, 터키 등 권위주의 국가들도 바이든 당선인과 통하는 연결 채널을 찾기 위해 열을 올리고 있다.   민주당을 상대하는 한 로비스트는 최근 이집트, 터키, 아랍에미리트(UAE) 정부와 대화하고 있다고 전했다.   그는 러시아제 첨단 방공미사일 시스템 S-400 도입 문제를 둘러싼 양국의 갈등 문제를 논의하기 위해 지난주 워싱턴DC에서 터키 의원들과 만나기도 했다.   트럼프 행정부와 각별한 관계를 유지해온 이집트 정부도 발등에 불이 떨어졌다.   트럼프 대통령은 압델 파타 엘시시 대통령을 일컬어 ""내가 가장 좋아하는 독재자""라고 부르기도 했다.   하지만 트럼프 대통령이 대선에서 패한 뒤 이집트 내 정치인과 전직 정부 관리들은 신속히 외교 방향을 바꾸라고 정부에 요구했다고 한다.   아므르 무사 전 이집트 외교장관은 최근 한 이집트 방송 인터뷰에서 ""미국의 행정부와 의회, 시민사회 어디서든 로비, 로비, 로비를 해야 한다""고 강조하기도 했다.   바이든의 당선이 유력해지자 이집트 정부는 워싱턴의 한 로비스트 업체와 월 6만5천 달러(약 7천100만 원)에 계약을 맺었다고 한다.   대표적인 민주당 로비스트인 헤더 포데스타도 자신의 업체에 바이든 행정부에 대비하기를 원하는 에너지, 소비재, 기술, 방산 업체들이 새롭게 고객으로 등록했다고 설명했다.   다만 세계 각국의 이런 로비 시도가 미국의 정책 결정에 얼마나 영향을 미칠지는 미지수라고 NYT는 분석했다.   앞서 바이든 당선인은 ""외국 정부가 미국과 견해를 공유하거나 의사 결정에 영향을 미치려면 공식적인 외교 경로를 통해야 한다""고 밝힌 바 있다.   그러나 바이든 당선인의 최측근이자 제약업계 로비스트 출신인 스티브 리체티가 백악관 선임고문으로 내정되면서 로비가 활성화될 수 있다는 기대감도 새어 나오는 분위기다.   logos@yna.co.kr   ▶코로나19 속보는 네이버 연합뉴스[구독 클릭]▶[팩트체크]'우리는 민주당 동지' 추미애 글, 법 위반?▶제보하기   <저작권자(c) 연합뉴스(https://www.yna.co.kr/), 무단 전재-재배포 금지>  "
16,"두산 김재호, PS 첫 홈런에 신들린 수비까지…베테랑의 위엄",https://news.naver.com/main/read.nhn?mode=LPOD&mid=sec&oid=001&aid=0012024584&isYeonhapFlash=Y&rc=N,2020.11.18. 오후 10:11," KS 2차전서 3타수 2안타 2타점 2득점 1볼넷 맹활약   '허슬두' 다시 비상하라!(서울=연합뉴스) 홍해인 기자 = 18일 오후 서울 구로구 고척스카이돔에서 2020 프로야구 포스트시즌 한국시리즈(KS) 2차전 두산 베어스와 NC 다이노스의 경기.     4회초 두산 선두 타자 김재호가 좌월 솔로 홈런을 친 뒤 누상을 돌며 팔을 들어 보이고 있다. 2020.11.18 hihong@yna.co.kr   (서울=연합뉴스) 김경윤 기자 = 프로야구 두산 베어스의 주전 유격수 김재호(35)는 산전수전을 다 겪은 베테랑 선수다.   정규시즌은 물론, 포스트시즌에서도 수많은 경기에 출전하며 다양한 경험을 쌓았다.   이제는 가을야구에서 긴장감도 많이 들지 않는다고 한다.   그는 지난 5일 LG 트윈스와 준플레이오프에서 호투한 뒤 포효한 두산 외국인 투수 크리스 플렉센을 가리켜 ""촌스럽게""라고 말해 취재진을 웃음바다로 만들기도 했다.   끝까지 평정심을 유지하며 베테랑의 면모를 보일 것 같았던 김재호는 18일 서울 고척스카이돔에서 열린 한국시리즈(KS) 2차전 NC 다이노스와 경기에서 흥분했다.   그는 2-1로 앞선 4회초 선두 타자로 나서 상대 선발 구창모를 상대로 좌월 솔로 홈런을 터뜨렸다.   시속 141㎞ 가운데 몰린 직구를 공략해 비거리 115ｍ짜리 대포를 쏘아 올렸다.   팀 승리에 무게를 싣는 강력한 한방이었다.   그는 스윙한 뒤 홈런임을 직감한 듯 타구를 지켜보다가 가쁜 숨을 몰아쉬며 1루로 뛰었다. 그리고 오른팔을 번쩍 들며 기뻐했다.   장타력보다 정확한 타격으로 팀 배팅에 집중하는 김재호는 이날 경기 전까지 포스트시즌에서 홈런을 친 경험이 없다.   포스트시즌 79경기 만에 처음으로 손맛을 봤는데, 가장 중요한 순간에 홈런을 쏘아 올렸다.   그는 KS에서만 37경기, 126타석 만에 홈런을 기록하며 KS 최다 경기 첫 홈런 신기록, 최다 타석 첫 홈런 타이기록까지 세웠다.   김재호의 이날 활약은 홈런 한 개로 설명하기엔 충분하지 않다.   솔로포 날리고 환호하는 김재호(서울=연합뉴스) 최재구 기자 = 18일 오후 서울 구로구 고척스카이돔에서 열린 2020 프로야구 포스트시즌 한국시리즈(KS) 2차전 두산 베어스와 NC 다이노스의 경기. 4회 초 두산 선두타자 김재호가 솔로홈런을 날리고 팀 동료들과 환호하고 있다. 2020.11.18 jjaeck9@yna.co.kr   0-0으로 맞선 2회 선두타자로 나서 볼넷을 기록한 뒤 홈을 밟아 선취점을 기록했다.   3-1로 앞선 8회초 2사 2루 기회에선 상대 팀 바뀐 투수 임창민을 상대로 깨끗한 우전 적시타를 터뜨리며 쐐기 타점을 기록했다. 3타수 2안타(1홈런) 2타점 2득점 1볼넷의 만점 활약.   수비에서도 김재호는 빛났다. 그는 3-1로 앞선 5회 말 1사 1루 위기에서 이명기의 강습 타구를 껑충 뛰어 잡아냈다. 그는 침착하게 2루로 뛰던 박민우를 태그 아웃하며 병살타로 연결했다.   또 한 번, 더블 아웃 완성(서울=연합뉴스) 홍해인 기자 = 18일 오후 서울 구로구 고척스카이돔에서 2020 프로야구 포스트시즌 한국시리즈(KS) 2차전 두산 베어스와 NC 다이노스의 경기.     6회말 1사 주자 2루 상황에서 NC 박석민이 친 공이 두산 투수 플렉센의 몸을 맞고 1루수 뜬공으로 아웃된 뒤 2루에 공이 연결되면서 커버를 들어온 유격수 김재호가 포스 아웃을 시키며 더블 아웃이 완성되고 있다. 2020.11.18 hihong@yna.co.kr   공격과 수비에서 만점 활약을 펼친 김재호의 활약에 힘입어 두산은 NC를 5-4로 꺾고 KS 1패 뒤 1승을 올렸다.   cycle@yna.co.kr   ▶코로나19 속보는 네이버 연합뉴스[구독 클릭]▶[팩트체크]'우리는 민주당 동지' 추미애 글, 법 위반?▶제보하기   <저작권자(c) 연합뉴스(https://www.yna.co.kr/), 무단 전재-재배포 금지> 기사제공 연합뉴스  "
17,'전 연인 성폭력 의혹' 가을방학 정바비 기소의견 송치,https://news.naver.com/main/read.nhn?mode=LPOD&mid=sec&oid=001&aid=0012024483&isYeonhapFlash=Y&rc=N,2020.11.18. 오후 9:20,"     강간치상 혐의는 증거불충분으로 불기소의견 송치정바비 ""고발근거 사실 아님 드러나…죄지은 것처럼 퍼지는 상황 유감""   서울 마포경찰서[연합뉴스TV 제공]   (서울=연합뉴스) 김치연 오보람 기자 = 전 연인에게 성폭력을 가한 혐의로 고발된 가수 겸 작곡가 정바비('가을방학' 멤버)에 대해 경찰이 일부 혐의가 인정된다고 판단했다.   서울 마포경찰서는 18일 성폭력범죄처벌법 위반(카메라 등 이용 촬영) 혐의로 기소 의견을 달아 정씨 사건을 검찰에 송치했다고 밝혔다.   다만 강간치상 혐의는 증거가 불충분하다며 불기소 의견으로 송치했다.   정씨는 교제하던 20대 가수 지망생 A씨의 신체를 동의 없이 촬영하고 성폭행한 혐의를 받는다. A씨는 피해 사실을 주변에 알리고 지난 4월 극단적 선택을 한 것으로 알려졌다.   경찰은 지난 5월 A씨 유족이 낸 고발장을 접수해 수사에 착수했다. 정씨의 자택을 압수수색하고 휴대전화 디지털포렌식 기법으로 관련 증거를 확보했으며 지난 10일 정씨를 불러 조사했다.   정씨는 이날 소속사 유어썸머를 통해 ""경찰은 강간치상 부분에 대해 전부 혐의 없다 판단해 불기소 의견을 내렸다""며 ""언론에 보도되고 고발의 유일한 근거가 된 카카오톡 내용이 확인 결과 사실이 아니었다는 것이 드러났다""고 전했다.   그는 ""다만 기소 의견을 낸 부분은 원래의 고발 내용이 아닌 다른 부분에 관해 확인이 필요하다는 취지""라며 ""고발 근거가 사실이 아님이 명명백백해진 상황에서 또 다른 부분을 문제 삼아 일부라도 제가 죄를 지은 것처럼 퍼져가고 있는 이 상황이 심히 유감스럽다""고 말했다.   이어 ""향후 검찰 조사에 있어서도 성실하게 임하여 남겨진 진실을 밝혀나갈 수 있도록 하겠다""고 덧붙였다.   정씨는 앞서 11일에도 자신의 블로그에 ""(경찰 조사에서) 고발 내용이 하나부터 열까지 전혀 사실이 아니라는 점을 차분하게 밝히고 왔다""며 ""조만간 오해와 거짓이 모두 걷히고, 사건의 진실과 저의 억울함이 명백하게 밝혀질 것""이라며 혐의를 부인하는 글을 올렸다.   chic@yna.co.kr   rambo@yna.co.kr   ▶코로나19 속보는 네이버 연합뉴스[구독 클릭]▶[팩트체크]'우리는 민주당 동지' 추미애 글, 법 위반?▶제보하기   <저작권자(c) 연합뉴스(https://www.yna.co.kr/), 무단 전재-재배포 금지>  "
18,"기상청 ""북한 황해남도 옹진 북쪽서 규모 3.1 지진 발생""",https://news.naver.com/main/read.nhn?mode=LPOD&mid=sec&oid=001&aid=0012027572&isYeonhapFlash=Y&rc=N,2020.11.19. 오후 11:28,"    (서울=연합뉴스) 19일 오후 11시 17분 28초 북한 황해남도 옹진 북쪽 7km 지역에서 규모 3.1의 지진이 발생했다고 기상청이 밝혔다.   진앙은 북위 37.99도, 동경 125.37도이며 지진 발생 깊이는 15km이다.   기상청은 ""지진피해는 없을 것""이라고 내다봤다.   ▲ 기상청이 제공한 지진 정보   발표일시 : 19일 오후 11시 25분 46초 발표   진원시 : 19일 오후 11시 17분 28초   진앙 : 북한 황해남도 옹진 북쪽 7km 지역   ( 북위 37.99, 동경 125.37)   규모 : 3.1   참고사항: 지진피해 없을 것으로 예상됨   자연지진으로 분석됨   ▶코로나19 속보는 네이버 연합뉴스[구독 클릭]▶[팩트체크]'우리는 민주당 동지' 추미애 글, 법 위반?▶제보하기   <저작권자(c) 연합뉴스(https://www.yna.co.kr/), 무단 전재-재배포 금지>  "
19,완충 후 계속 충전기 꽂아둔 전동킥보드 '펑',https://news.naver.com/main/read.nhn?mode=LPOD&mid=sec&oid=001&aid=0012027554&isYeonhapFlash=Y&rc=N,2020.11.19. 오후 11:04,"     전동킥보드 화재[연합뉴스TV 제공]   (서울=연합뉴스) 김치연 기자 = 19일 오후 6시 28분께 서울 강북구 다세대 주택에서 충전 후 콘센트에 계속 꽂아뒀던 전동킥보드에서 발화한 것으로 추정되는 화재가 발생했다.   지하 1층, 지상 2층으로 된 다세대 주택의 지상 1층에서 시작된 불은 1층을 거의 다 태워 소방서 추산 2천500만원 피해를 내고 오후 7시 20분께 진화됐다.   지상 2층 거주자 60대 남성 1명은 연기를 들이마셔 병원 치료를 받은 후 귀가했다. 다른 인명 피해는 없는 것으로 확인됐다.   소방당국은 1층 거주자가 전동킥보드에서 불이 났다며 신고한 내용 등을 토대로 전동킥보드 배터리 과열로 불이 난 것으로 추정하고 전동킥보드를 수거해 국립과학수사연구원에 감정을 의뢰할 예정이다.   chic@yna.co.kr   ▶코로나19 속보는 네이버 연합뉴스[구독 클릭]▶[팩트체크]'우리는 민주당 동지' 추미애 글, 법 위반?▶제보하기   <저작권자(c) 연합뉴스(https://www.yna.co.kr/), 무단 전재-재배포 금지>  "
20,"대구시, 코로나19 치료 대구의료원 내년도 예산 19억원 삭감",https://news.naver.com/main/read.nhn?mode=LPOD&mid=sec&oid=001&aid=0012027545&isYeonhapFlash=Y&rc=N,2020.11.19. 오후 10:11,"     대구의료원으로 이송되는 확진자(대구=연합뉴스) 임채두 기자 = 지난 3월 19일 119 구급차들이 대구의료원으로 코로나19 확진자를 이송하는 모습. 2020.3.19 doo@yna.co.kr   (대구=연합뉴스) 홍창진 기자 = 신종 코로나바이러스 감염증(코로나19) 사태 속에 대구시가 '코로나19 거점병원' 역할을 하는 대구의료원 내년도 예산 중 19억원을 삭감한 것으로 드러났다.   19일 대구시의회에 따르면 전날 문화복지위원회가 실시한 대구의료원에 대한 행정사무감사에서 배지숙 의원(달서구6)은 ""2021년도 예산안을 보면 의료취약계층 진료지원예산 4억원, 공익진료결손금 5억원, 필수의료진 영입예산 10억원이 감소됐다""고 지적했다.   배 의원은 필수의료진 영입예산 경우 의료원 측이 필수의료진 8명 채용을 위한 예산 20억원을 대구시에 요청했으나 10억원만 반영됐다고 했다.   감염내과와 직업환경의학과 전문의 각 1명, 신경정형외과 전문의 2명, 응급의학과 전문의 4명 충원을 위한 예산이다.   이어 ""공익진료결손금 내용을 보면 치매입원환자 진료비 결손액, 의료급여환자 입원비차액 지원비용 등""이라며 ""이를 위해 대구시가 지원하는 결손액은 9억6천600만원(에 그친다)""고 했다.   배 의원은 ""(코로나19 거점병원인 대구의료원에) 예산을 더 얹어줘도 운영이 될까 말까""라며 대구시에 적절한 지원책을 촉구했다.   이에 대해 김대영 대구시 보건의료정책과장은 ""전년도 실적을 반영하는 과정에서 (예산 삭감) 상황이 그렇게 됐다""며 ""내년도 추가경정예산에서 반영하도록 노력하겠다""고 답변했다.   김승미 대구의료원장은 ""올해 코로나19 때문에 해당 사업들이 미진해서 삭감된 것도 있지 않을까 한다""며 ""코로나19로 인한 것이어서 시에서 보전해줄 것으로 믿는다""고 말했다.   realism@yna.co.kr   ▶코로나19 속보는 네이버 연합뉴스[구독 클릭]▶[팩트체크]'우리는 민주당 동지' 추미애 글, 법 위반?▶제보하기   <저작권자(c) 연합뉴스(https://www.yna.co.kr/), 무단 전재-재배포 금지>  "
21,"청남대 전두환 동상 훼손 50대 ""연희동 집에 던지려 했다""",https://news.naver.com/main/read.nhn?mode=LPOD&mid=sec&oid=001&aid=0012027323&isYeonhapFlash=Y&rc=N,2020.11.19. 오후 6:15,"     5·18단체 회원 추정…줄톱으로 목 부위 훼손 도중 현행범 붙잡혀   (청주=연합뉴스) 전창해 천경환 기자 = 옛 대통령 별장인 청남대 안에 세워진 전두환 전 대통령 동상을 줄톱으로 절단하려 한 50대가 경찰에 붙잡혔다.   훼손된 전두환 동상(청주=연합뉴스) 천경환 기자 = 19일 오후 청주시 상당구 문의면 옛 대통령  별장인 청남대 안에 세워져 있는 전두환 동상이 훼손돼 있다. 2020.11.19 kw@yna.co.kr   청주 상당경찰서는 19일 전씨 동상을 훼손한 혐의(재물손괴 등)로 A(50)씨를 붙잡아 조사하고 있다.   경찰에 따르면 A씨는 이날 오전 10시 20분께 청주시 문의면 소재 청남대 안에서 전씨 동상의 목 부위를 줄톱으로 자르다가 현행범으로 체포했다.   청동으로 된 전씨 동상은 목 부위 3분의 2가량이 둥그렇게 둘러 가면서 훼손된 상태다.   관광객으로 청남대에 입장한 A씨는 동상 주변의 CCTV 전원을 끈 뒤 미리 준비해 간 줄톱으로 범행을 한 것으로 전해졌다.   이 과정에서 CCTV에 접근을 막는 펜스 자물쇠도 파손했다.   청남대 관리사무소 측은 A씨의 범행 현장을 뒤늦게 발견해 경찰에 신고했다고 설명했다.   A씨는 경찰에서 자신의 신분을 경기지역 5·18 관련 단체 회원이라고 밝힌 것으로 알려졌다.   또 ""전두환 동상의 목을 잘라 그가 사는 연희동 집에 던지려 했다""고 진술한 것으로 전해졌다.   전두환 동상 목 훼손(청주=연합뉴스) 천경환 기자 = 19일 오후 청주시 상당구 문의면 옛 대통령 별장인 청남대 안에 세워져 있는 전두환 동상 목 부위가 훼손돼 있다. 2020.11.19 kw@yna.co.kr   전두환 집권기인 1983년 건설된 청남대는 대통령 전용 별장으로 사용되다 2003년 당시 노무현 대통령의 결단으로 일반에 개방됐고 관리권도 충북도로 넘어왔다.   이후 충북도는 청남대 관광 활성화를 위해 초대 이승만부터 이명박에 이르는 전직 대통령 10명의 동상을 세웠다.   이와 관련해 충북 5·18민중항쟁기념사업위원회는 지난 5월 ""국민 휴양지에 군사 반란자의 동상을 두는 건 부끄러운 일""이라며 전두환·노태우 두 전직 대통령의 동상 철거를 요구했다.   그러나 고심하던 충북도는 최근 동상을 존치하는 대신 두 사람이 법의 처벌을 받았다는 내용을 담은 안내판을 설치하는 쪽으로 입장을 정해 5·18 관련 단체들의 반발을 샀다.   jeonch@yna.co.kr   ▶코로나19 속보는 네이버 연합뉴스[구독 클릭]▶[팩트체크]'우리는 민주당 동지' 추미애 글, 법 위반?▶제보하기   <저작권자(c) 연합뉴스(https://www.yna.co.kr/), 무단 전재-재배포 금지>  "
22,"'월세 울컥' 청년에 이낙연 ""죄지은 마음""",https://news.naver.com/main/read.nhn?mode=LPOD&mid=sec&oid=001&aid=0012027544&isYeonhapFlash=Y&rc=N,2020.11.19. 오후 10:09,"     아동학대예방의날  현장 방문한 민주당 이낙연 대표(서울=연합뉴스) 더불어민주당 이낙연 대표가 아동학대예방의날을 맞아 19일 오전 서울 동대문구 서울시립아동상담치료센터를 방문, 관계자들과 간담회를 하고 있다. 2020.11.19 [국회사진기자단] jeong@yna.co.kr   (서울=연합뉴스) 김동호 홍규빈 기자 = ""나에게 주거비란, 월세 보내는 것은 아예 없는 돈이라고 생각하고…기본적으로 살아도 마이너스인 거죠, 많이 막막합니다.""   19일 서울하우징랩에서 열린 더불어민주당 청년TF의 주거분야 현장간담회에서 자신의 궁핍한 처지를 밝힌 20대 여성은 서러움에 북받친 듯 중간중간 말을 잇지 못했다.   이날 행사에 참석한 청년들은 이낙연 대표를 비롯해 민주당 국회의원들을 앞에 두고 각자의 처지를 공유했다.   대학을 휴학하고 아르바이트를 찾아봤다는 한 남성은 ""주거급여 같은 기초생활급여는 (연 소득) 2천500만원이 안 넘는 것이 중요하더라""며 ""알바를 할지 말지 고민이 들었다""고 말했다.   다른 참석자는 ""밥값을 줄여도 집값은 안 줄어든다. 죽지 못하는 이상 집에서 살아야 하니, 왜 이렇게 살아야 하는가 생각했었다""고 토로했다.   이 대표는 ""제가 40년, 50년 전에 겪었던 일에 비해 여러분이 나아지지 않았다는 것이 굉장히 한스럽다는 의미에서 라떼(나 때)가 떠올랐다""고 공감했다.   또 ""죄지은 마음""이라면서 ""20대가 개별가구가 아니라고 주거급여 지급대상에서 빼는 것은 비현실적인 일이다. 30세 미만도 개별가구로 인정하기 위한 법 개정부터 해야 한다. 중복지급이 누락보다 낫다""고 강조했다.   이 대표는 ""신복지체계구상과 주거구상을 연내에 내놓겠다""며 ""저소득층 장애인 등 계층 맞춤형인 기존 복지의 기준을 연령맞춤형으로 옮겨야 한다""고 말했다.   dk@yna.co.kr   ▶코로나19 속보는 네이버 연합뉴스[구독 클릭]▶[팩트체크]'우리는 민주당 동지' 추미애 글, 법 위반?▶제보하기   <저작권자(c) 연합뉴스(https://www.yna.co.kr/), 무단 전재-재배포 금지>  "
23,정기국회 '공수처법 개정' 암초…여야 정면충돌 전운,https://news.naver.com/main/read.nhn?mode=LPOD&mid=sec&oid=001&aid=0012027343&isYeonhapFlash=Y&rc=N,2020.11.19. 오후 6:25,"     與, 비토권 무력화 법 개정해 연내 공수처장 임명 방침野 ""모든 역량 동원해 반대""…대국민 여론전 주력   공수처장 후보 추천 무산 회견하는 민주당 법사위원(서울=연합뉴스) 안정원 기자 = 국회 법제사법위원회 더불어민주당 백혜련 간사와 법사위원들이 19일 오전 서울 여의도 국회 소통관에서 공수처장 후보 추천 무산 관련 기자회견을 하고 있다. 2020.11.19 jeong@yna.co.kr   (서울=연합뉴스) 나확진 고동욱 기자 = 고위공직자범죄수사처(공수처) 처장 추천이 불발되면서 정국의 긴장감이 증폭하고 있다.   여야는 19일 공수처법 개정을 놓고 정면 대립했다.   법 개정을 통해 연내 공수처를 출범시키겠다는 더불어민주당의 강경 입장에 국민의힘이 반발하면서 내년 예산안 처리를 앞둔 정기국회에 먹구름이 드리운 상황이다.   민주당은 이르면 내달 2일 본회의에서 공수처법 개정안을 처리할 방침이다.   오는 25일 법사위 법안소위에서 공수처법 개정안들을 병합 심사한 뒤 법사위 전체회의, 본회의까지 속도전으로 밀어붙일 태세다.   김태년 원내대표는 당 회의에서 ""무슨 일이 있어도 공수처는 연내 출범시킬 것""이라며 ""이제 중대 결심을 하지 않을 수 없다. 본격적으로 공수처법 개정 작업에 착수하겠다""고 말했다.   민주당은 특히 공수처법에 보장된 '비토권'이 야당의 지연 작전에 악용됐다고 보고, 의결 정족수를 7명 중 6명에서 3분의 2로 완화하거나 추천위원 추천이 늦어지면 국회의장이 법학교수회장과 같은 학계 인사를 지명하는 방안 등을 검토하고 있다.   당 소속 법사위원들은 이날 국회 기자회견에서 ""반개혁 세력의 공수처 난도질을 더는 좌시하지 않겠다""며 ""비토권을 포함해 합리적 안을 도출해 정기국회 내에 모든 절차를 마무리하겠다""고 밝혔다.   김종민 최고위원은 MBC 라디오에서 ""반대하는 것을 넉 달 가까이 존중하고 경청하고 토론했다""며 ""국회 의석수에 따라서 결정해야 할 때가 왔다""고 말했다.   공수처장 후보 추천 무산 기자회견 하는 국민의힘 법사위원(서울=연합뉴스) 안정원 기자 = 국회 법제사법위원회 국민의힘 김도읍 간사와 법사위원들이 19일 서울 여의도 국회 소통관에서 기자회견을 열고 공수처장 후보 추천이 무산된 이유를 밝히고 있다. 2020.11.19 jeong@yna.co.kr   국민의힘은 강력히 반발했다.   김종인 비대위원장은 비대위 회의 후 기자들을 만나 민주당의 법 개정 시도에 ""우리 나름대로 할 수 있는 모든 역량을 동원해 반대할 수밖에 없다""고 말했다.   주호영 원내대표는 ""자기들 마음대로 움직일 수 있는 처장을 임명하기 위해 제대로 시행해보지도 않은 법을 또 바꾸겠다고 한다""며 ""법치주의 파괴, 수사기관 파괴, 공수처 독재로 가는 일을 국민이 절대 좌시하지 않을 것""이라고 규탄했다.   국민의힘 법사위원들은 기자회견을 열어 ""지금이라도 추천위가 제 역할을 할 수 있어야 한다""며 ""박병석 국회의장이 중재에 나서라""고 촉구했다.   다만 민주당이 압도적인 의석을 내세워 법 개정을 강행하면, 마땅히 막을 수단이 없다는 게 딜레마다.   이에 따라 대국민 여론전에도 총력을 기울인다는 계획이다.   법사위 야당 간사인 김도읍 의원은 ""민주당이 일방적으로 처리하겠다고 나서면, 국회선진화법 등이 있어서 막을 방법은 사실상 없다. 염치없지만 국민들께서 막아주시는 방법밖에 없다""고 말했다.   대화하는 김태년과 주호영(서울=연합뉴스) 진성철 기자 = 더불어민주당 김태년 원내대표(오른쪽)와 국민의힘 주호영 원내대표가 19일 서울 여의도 국회에서 열린 본회의에서 대화하고 있다. 2020.11.19 zjin@yna.co.kr   이날 본회의부터 여야 의원들은 자유발언을 통해 공방을 벌였다.   민주당 김용민 의원은 ""야당의 비토권은 방해권으로 전락했다""며 ""국민의힘은 검찰의 힘을 정치적으로 활용하기 위해 검찰개혁을 반대하고 있다""고 비난했다.   국민의힘 유상범 의원은 ""추천위 회의는 야당 비토권을 무력화하려는 법개정 명분쌓기에 불과했다""며 ""문재인 대통령과 현 정권을 비호할 인물을 공수처장으로 앉히기 위해 입법 독재를 또 벌이겠다고 선전포고를 하는 것이냐""고 맞섰다.   여야의 갈등 수위가 높아지는 가운데 박병석 국회의장은 김태년·주호영 원내대표를 각각 만나 해법을 논의했다.   여야 원내대표는 오는 23일 오후 3시 30분 의장 집무실에서 박 의장 주재로 회담을 연다.   법적으로 추천위 소집 요청 권한을 가진 박 의장의 중재로 정국의 실마리가 풀릴 수 있을지 주목된다.   박 의장은 본회의에서도 ""지금이라도 여야 지도부가 진지하게 국민의 여망에 부응하는 결론을 내도록 협의해주시길 촉구한다""는 입장을 밝혔다.   그러나 김 원내대표는 기자들과 만나 ""의장님이야 당연히 그렇게 말씀하시는 것이고, 야당이 태도를 바꿔야 협의가 되는 것 아니겠느냐""며 ""법 개정에 착수하지 않을 수 없다고 말씀드렸다""고 말했다.   야당의 반발 가능성에는 ""국민들이 싫어하는 것을 경험했는데 보이콧 같은 어리석은 짓은 하지 않을 것""이라고 밝혔다.   국민의힘은 의총을 열고 23일 원내대표 회동에서 처장 후보를 재공모하자고 제안하기로 의견을 모았다.   주호영 원내대표는 의총 후 ""의석수가 많으니 멋대로 하겠다는 취지인 것 같은데, 그 오만을 국민이 용서하지 않을 것""이라며 ""모두 부적격이면 새 사람을 찾아 논의하면 된다""고 말했다.   sncwook@yna.co.kr   ▶코로나19 속보는 네이버 연합뉴스[구독 클릭]▶[팩트체크]'우리는 민주당 동지' 추미애 글, 법 위반?▶제보하기   <저작권자(c) 연합뉴스(https://www.yna.co.kr/), 무단 전재-재배포 금지>  "
24,"호암 추도식 찾은 이재용 ""사회에 희망주는 기업 되자""",https://news.naver.com/main/read.nhn?mode=LPOD&mid=sec&oid=001&aid=0012027414&isYeonhapFlash=Y&rc=N,2020.11.19. 오후 7:26,"     이병철 선대회장 33주기…이 부회장, 조부·부친 정신 계승 강조이재현 CJ 회장 오전 참배 후 오후 제사 주관…삼성·신세계는 불참   (서울·용인=연합뉴스) 김영신 김철선 기자 = 삼성전자 이재용 부회장이 삼성 창업주이자 조부인 호암 이병철 선대회장의 33주기인 19일 '사업보국' 창업정신을 계승하겠다고 강조했다.   삼성 총수 일가는 이날 경기 용인 호암미술관 인근 선영에서 열린 이병철 회장 33주기 추도식에 참석했다. 이재용 부회장을 비롯해 홍라희 전 리움미술관장, 이부진 호텔신라 사장, 이서현 삼성복지재단 이사장 등은 이날 오전 10시40분께 선영에 도착해 참배했다.   삼성 이병철 선대회장 33주기 추도식(용인=연합뉴스) 홍기원 기자 = 삼성그룹 창업주인 호암 이병철 선대 회장의 33주기 추도식이 열린 19일 오전 이재용 삼성전자 부회장 일행이 탑승한 차량 행렬이 경기도 용인시 호암미술관 인근 선영으로 들어서고 있다. 2020.11.19 xanadu@yna.co.kr   다른 가족은 참배를 마친 뒤 11시55분께 선영을 떠났고, 이재용 부회장은 참배 후 선영 인근 삼성인력개발원 호암관에서 삼성 전체 계열사 사장단 50여명과 오찬을 함께했다.   이 부회장은 이 자리에서 사장단이 지난달 말 이건희 회장 장례식에  참석한 데 대해 감사를 표하고, 창업이념을 되새겨 새로운 삼성으로 더욱 발전하자는 의지를 강조했다.   삼성에 따르면 이 부회장은 ""기업은 늘 국민 경제에 도움이 돼야 하며, 사회에 희망을 드릴 수 있어야 한다고 가르치셨던 (이건희) 회장님의 뜻과 (이병철) 선대회장님의 사업보국 창업이념을 계승·발전시키자""고 밝혔다.   사업보국은 기업이 국가와 사회에 공헌해야 한다는 뜻으로 최근 별세한 이건희 회장도 생전에 이같은 정신을 강조한 바 있다.   이 부회장 역시 사회와 함께 한다는 '동행' 철학을 경영 전반에서 나타내고 있다.   이 부회장은 2014년 이건희 회장이 쓰러진 이후 부친을 대신해 호암 추도식에 참석하다 2017년에는 국정농단 사건으로 구속수감 되며 불참했다.   2018년에는 해외 출장 일정 때문에 추도식 전주에 미리 가족들과 선영을 찾았고, 지난해에는 3년 만에 공식 추도식에 참석해 사장단과 첫 오찬을 주재했다.   이건희 삼성그룹 회장 별세로 총수 이재용 시대 (PG)[김민아 제작] 사진합성·일러스트   삼성을 비롯해 한솔, CJ, 신세계 등 이른바 범 삼성 계열 그룹 일가는 과거에는 호암 추도식을 공동으로 열었다.   그러다 형제인 CJ 이맹희 전 회장과 삼성 이건희 회장이 상속 분쟁을 벌인 2012년부터는 같은 날 시간을 달리해 별도로 추도식을 진행해왔고, 올해도 마찬가지였다.   호암의 장손인 이재현 CJ그룹 회장은 부인 김희재 여사와 이날 오전 9시45분께 가장 먼저 선영을 다녀갔다.   이재현 회장은 이날 오후에는 예년과 마찬가지로 서울 중구 CJ인재원에서 본인이 제주(祭主)로서 제사를 진행했다.   제사는 2010년까지는 생전에 고인이 살았던 서울 중구 장충동 집에서 열리다가 2011년부터는 CJ 인재원으로 장소를 옮겼다.   CJ측 주관 제사에는 보통 범삼성가 인사들이 참석하지만 이날 제사에 삼성 총수 일가는 아무도 참석하지 않은 것으로 알려졌다. 지난해에는 홍라희 전 관장과 차녀 이서현 이사장이 참석했었다.   삼성 이병철 선대회장 33주기 추도식(용인=연합뉴스) 홍기원 기자 = 삼성그룹 창업주인 호암 이병철 선대 회장의 33주기 추도식이 열린 19일 오전 이재용 삼성전자 부회장 일행이 탑승한 차량 행렬이 경기도 용인시 호암미술관 인근 선영으로 들어서고 있다. 2020.11.19 xanadu@yna.co.kr   신세계 이명희 회장, 정용진 부회장, 정유경 총괄사장 등 신세계 총수 일가는 예년처럼 추도식에 참석하지 않았고, 오후 CJ측 주관 제사에도 가지 않은 것으로 알려졌다.   호암의 외손자인 조동길 한솔그룹 회장은 오후에 선영을 찾은 데 이어 오후 제사에도 참석한 것으로 전해졌다.   삼성, CJ, 신세계, 한솔그룹 계열사 경영진은 이날 오후에 용인 선영을 방문해 창업회장을 기렸다.   shiny@yna.co.kr   ▶코로나19 속보는 네이버 연합뉴스[구독 클릭]▶[팩트체크]'우리는 민주당 동지' 추미애 글, 법 위반?▶제보하기   <저작권자(c) 연합뉴스(https://www.yna.co.kr/), 무단 전재-재배포 금지>  "
25,'3명 사망' 인천 공장 화재…화학물질 폭발로 인명피해 커져,https://news.naver.com/main/read.nhn?mode=LPOD&mid=sec&oid=001&aid=0012027418&isYeonhapFlash=Y&rc=N,2020.11.19. 오후 7:29,"     소방당국 ""남성 직원들이 여성 직원들 먼저 대피시켜""   화재로 근로자 3명 사망한 인천 화장품 제조공장(인천=연합뉴스) 윤태현 기자 = 19일 오후 4시 12분께 인천시 남동구 고잔동 한 화장품 제조업체 공장에서 불이 나 공장 관계자 3명이 숨지고 6명이 다쳐 인근 병원으로 옮겨지거나 현장에서 응급 처치를 받았다. 사진은 화재 현장 모습. 2020.11.19 tomatoyoon@yna.co.kr   (인천=연합뉴스) 손현규 윤태현 기자 = 근로자 3명이 숨지고 6명이 다친 인천 화장품 제조공장 화재는 화학물질을 이용한 작업 중 폭발과 함께 일어난 것으로 추정됐다.   비교적 어둡지 않은 오후에 작업 도중 발생한 화재이지만 갑작스러운 화학물질 폭발로 근로자들이 미처 대피하지 못한 탓에 인명피해가 커졌다.      이재선 공단소방서 현장대응단장은 19일 화재가 발생한 인천시 남동구 고잔동 한 화장품 제조업체 공장 인근에서 브리핑을 열고 ""공장에서 아염소산나트륨을 사용하고 있다고 진술을 받았다""고 말했다.   그는 이어 ""아염소산나트륨은 화염이 발생했을 때 (반응하면) 폭발할 가능성이 있는 물질""이라고 덧붙였다.   소방당국은 공장 내에서 도금 작업을 하던 중 '펑'하는 소리와 함께 폭발이 일어난 뒤 화재가 발생한 것으로 보고 있다.   화재로 근로자 3명 사망한 인천 화장품 제조공장(인천=연합뉴스) 윤태현 기자 = 19일 오후 4시 12분께 인천시 남동구 고잔동 한 화장품 제조업체 공장에서 불이 나 공장 관계자 3명이 숨지고 6명이 다쳐 인근 병원으로 옮겨지거나 현장에서 응급 처치를 받았다. 사진은 화재 현장 모습. 2020.11.19 tomatoyoon@yna.co.kr   이날 불은 오후 4시 12분께 해당 화장품 제조업체 공장 2층에서 발생했다.   이 불로 A(57)씨 등 20∼50대 남성 3명이 숨지고 6명이 다쳤다.   사망자는 모두 화재 발생 1시간 20여분 만에 공장 2층 창문 인근에서 발견됐다.   부상자 6명 중 40대 여성 1명은 중상이며 나머지 경상자 5명 중에는 30대 소방대원 1명도 포함됐다.   이 단장은 ""사망자 3명 중 1명은 창문에서 2m 떨어진 곳에서, 나머지 2명은 창문에서 4m 떨어진 곳에서 겹쳐진 채 발견됐다""며 ""공장 마당 1층에서 공장 관계자들이 지게차를 이용해 여성 직원들을 구조하기도 했다""고 말했다.   그는 또 ""구조하기 위해 최선을 다했으나 계속 폭발음이 나고 2층이 붕괴해 (공장 내부로) 진입하기 어려웠다""며 ""남성 직원들이 여성 직원들을 먼저 대피시켰고 사망자는 모두 남성""이라고 말했다.   이날 화재 현장에는 소방관 등 170여명과 펌프차 등 장비 40여 대거 투입됐다.   소방당국은 관할 소방서 인력 전체가 출동하는 경보령인 '대응 1단계'를 발령하고 진화 작업을 벌였고, 사고 발생 2시간 35분 만에 완전히 불을 껐다.   소방당국은 공장 관계자 등을 상대로 정확한 화재 원인과 재산피해 규모를 추가로 조사할 예정이다.   son@yna.co.kr   ▶코로나19 속보는 네이버 연합뉴스[구독 클릭]▶[팩트체크]'우리는 민주당 동지' 추미애 글, 법 위반?▶제보하기   <저작권자(c) 연합뉴스(https://www.yna.co.kr/), 무단 전재-재배포 금지>  "
26,순천시 사회적 거리두기 2단계 격상…단계 세분화 이후 처음,https://news.naver.com/main/read.nhn?mode=LPOD&mid=sec&oid=001&aid=0012027217&isYeonhapFlash=Y&rc=N,2020.11.19. 오후 5:30,"     허석 시장 ""더 큰 경제적 손실 막기 위해 격상""   (순천=연합뉴스) 형민우 기자 = 전남 순천시가 20일 0시를 기해 사회적 거리두기를 2단계로 격상하기로 했다.   지난 7일 사회적 거리두기가 3단계에서 5단계로 세분된 이후 전국에서는 처음이다.   사회적 거리두기 2단계 (PG)[장현경 제작] 일러스트   허석 시장은 19일 오후 긴급 브리핑을 열어 ""더 큰 경제적 손실을 막기 위해 눈물을 머금고 사회적 거리두기 2단계 격상을 하지 않을 수 없다""고 밝혔다.   사회적 거리두기가 2단계로 격상됨에 따라 단란주점 등 유흥시설 5종의 집합이 금지되고 노래방, 식당, 카페 등은 오후 9시 이후 운영이 제한된다.   각급 학교는 3분의 1 등교 수업을 기준으로 교육당국의 판단에 따라 운용된다.   순천시는 지난 7일부터 신종 코로나바이러스 감염증(코로나19) 확진자가 속출하자 11일부터 사회적 거리두기를 1.5단계로 격상했다.   최근에는 인근 광양을 중심으로 광양제철 협력업체 통근버스와 PC방, 식당 등에서 확진자가 잇따르자 사회적 거리두기를 높여야 한다는 필요성이 제기됐다.   순천시는 최근 발생하는 확진 사례를 살펴볼 때 일부 시설이나 집단에서의 전파가 아닌 가족이나 지인 모임, 체육시설, 사우나, 직장, 학교와 마을 등 일상으로 퍼졌다고 보고 거리두기를 상향하기로 했다.   감염원이 분명하지 않은 확진자가 늘어나고 있어 이미 사회 곳곳에 전파됐을 가능성도 있다.   허석 순천시장[순천시 제공.재판매 및 DB금지]   허 시장은 ""10만 명 당 코로나19 확진자 수가 아직도 전국 평균을 밑도는 조건에서 순천에서 선제적으로 2단계로 격상하는 것은 쉬운 결정이 아니었다""며 ""경제 위축을 우려해 단계 격상을 머뭇거리다가 더 큰 피해를 볼 수 있다는 판단에 민관공동대책위원회 의견을 수렴해 결정하게 됐다""고 말했다.   허 시장은 이어 ""위대한 시민 정신을 발휘해 단기간에 위기를 극복할 수 있도록 힘을 모아주시고 불필요한 모임이나 만남을 자제해주실 것을 당부드린다""고 호소했다.   순천에서는 지난 7일부터 확진자가 속출하면서 별량면의 한 마을이 동일집단 격리되는 등 지역 감염 확산이 빠르게 진행되고 있다.   minu21@yna.co.kr   ▶코로나19 속보는 네이버 연합뉴스[구독 클릭]▶[팩트체크]'우리는 민주당 동지' 추미애 글, 법 위반?▶제보하기   <저작권자(c) 연합뉴스(https://www.yna.co.kr/), 무단 전재-재배포 금지>  "
